Address,Count,Tokens
'0x913c407b91c25bafdf0625198681015e4c7df511,1,1635
'0x0519425dd15902466e7f7fa332f7b664c5c03503,8,"466, 497, 549, 1988, 1814, 925, 3036, 2815"
'0xf263b992b10ddff2c460ee0a3c6ddbefba8a1f43,24,"1373, 1408, 1171, 1135, 300, 379, 539, 2237, 24, 1880, 2477, 1908, 1993, 3244, 1294, 1478, 1001, 350, 2938, 152, 2041, 1051, 3163, 2755"
'0x8857263e5a390014d30d74ced80bc8d96d0acf78,20,"2379, 2437, 1238, 1889, 969, 3308, 1697, 1067, 1031, 759, 1524, 1580, 429, 3, 1281, 1909, 3296, 2400, 1519, 1056"
'0x31b181e279e2e42c632c5578d6a2aa4ab940723c,3,"1695, 2551, 1643"
'0xe9cc528d356067918e6791dc529b4fad4be49b73,14,"9, 744, 2692, 1824, 338, 949, 804, 1369, 1305, 1306, 1370, 1696, 1743, 2228"
'0x17dada5edbdb3959e6e60f5d372d56de327306e2,5,"2805, 3320, 1392, 1228, 530"
'0xb07c1e2bda3d7411d4081fab52b8f89c062a2394,1,2695
'0x33216135635cb5305ae7177e3ce9ae7b28f9d647,2,"20, 2625"
'0xc8daebd7e54c37f342f383df6921221ead4c1a4b,1,1806
'0x9cae49aa3d5bade83b99256eb5c03bd9b7c0654c,1,1163
'0x6a3611183ed4c08d1ce0a83b781f2d88a4f949a8,5,"427, 3270, 2682, 743, 742"
'0x9b92df32165e1a2a227a6e016b30070a8df9c2eb,6,"2029, 3131, 203, 2718, 823, 504"
'0xd2d297373e1eb326fcd6920a04d6dc34fa18acfa,52,"167, 236, 293, 344, 354, 368, 394, 531, 544, 571, 657, 857, 1044, 1097, 1196, 1199, 1341, 1569, 1822, 2432, 2505, 2612, 289, 348, 356, 369, 392, 405, 555, 572, 581, 627, 643, 768, 772, 1121, 1395, 1798, 2019, 2187, 2252, 2388, 2391, 2593, 2803, 2774, 2916, 2999, 3042, 2991, 2966, 3254"
'0x87807666629f4b5fcd92d566c37fd86b7fe780e8,1,2899
'0x8d5aa0be6e70ab45ea65f3dd49e48909c2717ca1,1,312
'0x00e8843867c970e94f60fa493538a51f0b9def30,4,"2735, 3139, 1166, 1167"
'0x0e553f868b7432cf8c5e20e781a534566e56e693,5,"1548, 1802, 87, 2876, 2557"
'0x9b947a7ce380ebf8b6ab3ba2cc7eaa76611225a5,2,"2457, 2475"
'0x423e6a940941b2736da4376d2d1517c4f22a39a1,3,"666, 343, 761"
'0x753da1a192e0daea1562d9dfa161a5040baf8c4f,4,"3251, 1411, 2299, 2935"
'0x6904a23ec0b5950ee106782c1c1bde5d34c3399d,3,"2973, 2246, 2244"
'0x38a55929d4047ac9192de1be35f9a957e4d03fa7,2,"696, 2957"
'0xbe06544971c5e9743bd89599b8e019b748ba6220,1,2310
'0x52aaf63f56be348c90b2478d681467fb98ec93bd,4,"351, 10, 3230, 913"
'0xdc6102e9c998ed72b26c2a070b78344e414e0b07,2,"1482, 19"
'0xeb8116c0368a522da15b602ec4aac76408873d1f,8,"634, 2409, 3096, 1590, 468, 3227, 982, 3123"
'0xa362ce1c99966a0438bdb7c6659739cdd383aa52,2,"1179, 2820"
'0xbd9e7307cbc7c8136c445ab6cad2f0965a83c077,3,"1117, 790, 789"
'0xe18d39e331b9b04361118aa03ab0825cb6da15aa,1,538
'0xd10fa0a13002f64c06825514abdfcf90e3bf292b,4,"2156, 2925, 1495, 385"
'0xfe72cc7cfdc090299e1ff451cf1b542e6d4155a4,2,"1692, 1977"
'0xa1392b29d2dd3640cf7bce3ae5f9c0ed3e34db40,2,"2711, 1165"
'0xb7b25f87fb87bb0f4a833499cb8ce58a01184943,1,2382
'0x642c45051da8ef1dc28cf98acf2aab44f002fc08,1,3094
'0xb3cbbb26c2779adba422d4288d1e9ec6b0fa04a7,20,"3029, 2320, 142, 2125, 2553, 2720, 2939, 3089, 2090, 1860, 175, 3026, 802, 1315, 1427, 1089, 290, 214, 215, 3107"
'0xa29ec4f89f90e87fc6c8721b396df2fe7598ad74,2,"3060, 2893"
'0x00b9fefd7e3b5d46d0731bec111ece15ee5ce4b0,4,"861, 1854, 2652, 250"
'0x8b6a39b07c90b1fbdd0fc22a0fdb7953f6767691,5,"228, 777, 1008, 2996, 349"
'0x09586e63b1205a91956dc2360063b9342e9f01bb,5,"2959, 2700, 2270, 194, 193"
'0x3d49b36ba897ba8693c3a86834c5906a07bf1a0b,1,3117
'0x3d6f7f864d2895d5f59c7b0ef52bbb6875752c04,4,"2169, 301, 2385, 1096"
'0x8ae57a027c63fca8070d1bf38622321de8004c67,4,"1739, 1760, 1740, 1762"
'0x2a0ad6a42f86b6ab9f2e2b7a3d638e4b78169f88,2,"882, 2022"
'0x410d07029cb55b1dae414af509ed9550161807af,1,681
'0x3ab655195ef417b23b29fef8a2131f65d282bcfa,25,"3064, 329, 2862, 2567, 599, 2390, 1428, 912, 478, 596, 319, 1929, 720, 3252, 2236, 2752, 2761, 1641, 918, 1259, 2786, 2617, 3279, 337, 1594"
'0x072b6aac774ffe93371f8085d4a082ea8d92db3b,2,"1404, 2571"
'0x617db261ba9f7f264bc6287dffc12a0ef709696c,1,3083
'0x626939f638ddf02264ed29e57b39a776341add38,2,"5, 2401"
'0x2bb17a21cadcbc01761b6aeb9ac3dabd457543ff,10,"1511, 2239, 2997, 2867, 1773, 1686, 315, 314, 157, 2440"
'0x1122ac22501c4facdb2cb2076f587af7b4f67b98,2,"2706, 471"
'0x9fa65835aaf9cc940f052c62d9e1e1a7388dd758,1,3307
'0x4ac33d1a4de450d939cd10d3978679b71e1106b1,1,395
'0x25b681592ea214b8e5c87fc9e16104b6e9b46a2c,1,631
'0xb77a343ef3645613793c5dcef1524ab9ef4cba6d,1,2120
'0x93cde693d85ac2ded10d872e9657f1b19299ab88,4,"416, 3040, 1541, 3134"
'0x42dca0244dca7872b3096c91b98caab45e1acfb6,3,"1829, 1751, 1055"
'0xda94f2b9ea71916ec32288fc4af13ad87fa33102,1,2394
'0xea85a1d9394592d0f2f7725fb91eba9bfec71c29,5,"836, 3299, 3146, 835, 1787"
'0xaed3d37b761bf61767208da1dbb3a971b9f13fb5,4,"15, 166, 140, 139"
'0xcd8ae64d098c80c21f3422f2a84862fbf0c480c6,2,"834, 755"
'0x9474bcb8b63bc5bda61e55fe636dfd7a5b8eaa2a,1,441
'0xdc91e7384f8fc193f3248e31e21f8ecd2262a703,15,"180, 1150, 145, 21, 23, 1066, 1674, 920, 2245, 2678, 2317, 1235, 1201, 1033, 1032"
'0xdac8fc039f633969116d412522b3338e3f1eba44,12,"2995, 1215, 590, 160, 288, 1118, 2609, 141, 3130, 741, 2851, 2889"
'0xe764ccc9a518182e8a0994cc822ebc859ae20ac6,12,"3149, 2411, 1572, 724, 3209, 2486, 1496, 3125, 1623, 739, 902, 716"
'0x7428088078eab30760337c831a794f0bb2b92602,5,"604, 328, 2362, 2049, 1299"
'0x88bd0324fc0b474b3c5860669492a1b75ecb565b,5,"2776, 2452, 1459, 2463, 2746"
'0x710e3b253a7c699ee61f9885cf87309d59646626,2,"668, 1462"
'0x958d04d4b6be440a54933523a88b2fe775b91c47,6,"669, 1918, 1657, 2860, 2703, 2866"
'0x59c35816d1fad4792d3ba3677acbfa29d4b49e91,5,"2728, 651, 577, 1998, 1046"
'0x18a026437d58450730c37e5bd3d0a451dd9c5243,1,458
'0x22a00ac6603d6877500a8e1b950944982c6605bf,8,"589, 559, 491, 1198, 705, 623, 254, 253"
'0x5f81498fe2275cfb44e76e0d2713e9093ab07cf8,3,"1515, 1253, 1941"
'0xa702a0e7da5d7eecf4ca42202bb1becba4ccdbb4,26,"1558, 418, 2349, 566, 2777, 1409, 922, 1981, 1285, 1126, 3228, 1915, 472, 2200, 2768, 864, 2301, 1036, 1313, 2738, 1961, 76, 2721, 2581, 1873, 814"
'0xbca589eee75761cbe808f9663ec62c1ed474bde5,1,487
'0xddcc494b188d01798be8aac46ba914c653edea25,3,"2745, 1845, 738"
'0x4780b518e5e90f773cda361654fd849bbd97248d,2,"2818, 821"
'0xed549644679b95507b1e8f58ed6faa5b790e147e,10,"1897, 1212, 22, 648, 1604, 151, 224, 1626, 2880, 3238"
'0x69287b3cf544064352c843b08b44c9f94c60e37a,6,"650, 2188, 536, 1429, 3122, 1870"
'0x582751ea3ef641d1ead78975439c576c60766692,5,"2168, 574, 854, 1393, 1430"
'0xbbfbce1b54435f97853433b1a3f46cf5375d1947,3,"1326, 2528, 396"
'0xf3a62cd1fda8e02507a53fb759dd1f87ae765847,1,1047
'0xcd108f28593ba44a8fd1cb8d8aa48e77f6e9bfe5,2,"704, 220"
'0x91d6d3b91c503d3ad1d01d83246affb988379f90,1,638
'0xf1792379dcaf5647f35dbc6f9fc3aa5633253495,2,"2520, 3011"
'0xa9d60735ab0901f84f5d04b465fa2f1a6d0aa7ee,1,69
'0x92aa86b15abb6b8ddaa8b1652a5e10b5b464d326,5,"1685, 1362, 2264, 3328, 1207"
'0x4e535db82870d7a9ae9d5a145540567270b4f02d,2,"606, 1223"
'0xd0c8a7d57fac8cf9167714626dc04ed537358a46,1,2472
'0xee09df74bbd40e32d5b51d6459d324090aca8ef7,1,1886
'0xb270cbd077f3379c14c6943b7e5beb700b9b549c,2,"3055, 1892"
'0x86fc973fc5146132afd4421497d031a032e2de71,2,"774, 422"
'0xb77f3a59e605cc487659c2816cf844635530846e,2,"2396, 889"
'0xe61f57bbb6af2e4a2975b80938c00867c85cb840,2,"1192, 1180"
'0xf812a3101dc2e3deb14e295c6e0522020081117e,2,"2834, 1240"
'0x418306d8275c5ee47c2c7e6d571ea2c1ed73add1,4,"1656, 1724, 1774, 1775"
'0xdcd0571c24b8b4233c46114c55384a7aa326e1d4,4,"2523, 2524, 2431, 2430"
'0xebcee584fa370fe499c571aa7916ed308ac2462d,1,2427
'0x01c8c92089004bff57d2740479d9cf8d441d6bad,1,1
'0xd10e58a835b83adb220e37161bee368351a66ec8,2,"1239, 1441"
'0xcd4c27c33110a3816e0d62c998f45062a5043596,2,"1985, 2536"
'0x32e0ecc968d1e68a5042014741dcb5b156711f4d,12,"616, 2760, 2759, 2758, 646, 548, 554, 612, 570, 567, 535, 558"
'0xff0d801c78fc74cd3f85b103b627b97969358aa7,7,"2257, 2180, 1074, 62, 1472, 2206, 1509"
'0x5037e5590a581af68a3c5be5e2319f2b5f638e72,2,"2210, 2211"
'0x4bf8dccbb528ade1bd1f531646a9de9e9868dc9b,1,291
'0xa1b97eeeb228db419a49d7a94db0e2498990524f,4,"3093, 333, 2217, 3147"
'0x9287845b44825a82c882de7763b953a59a5a525a,2,"1960, 2087"
'0x9642c8fb22469298c9e274f08bf662f4802591ec,4,"2961, 2658, 2389, 2861"
'0x4224bc005fa5cb73b831d28695086dde1187b548,4,"2783, 656, 359, 135"
'0xe3ac65c699e732d565323797d9c377719b2c9cc7,12,"2392, 2433, 269, 330, 2888, 1237, 2824, 1937, 79, 2780, 1206, 957"
'0x1f93669cc3a85f4d8e093ff5e00ad462139aed47,2,"442, 1923"
'0xe5c33844859367f295ec6ecb017b290f24a99ebe,1,2492
'0x058da25bbc9be3db229e8f5d154636edb8142f3c,1,927
'0xce739438cf6d3b7bd0dba78372c677f51976c06d,4,"384, 3087, 2610, 3294"
'0xeba0b38df8346f7428b6397ed0edd1586530e965,2,"1266, 2434"
'0xc39cbeb0659ea5907dc0babd71b2f5b719049557,10,"2067, 822, 11, 3127, 2309, 998, 2229, 1413, 959, 2582"
'0x3da2eaa605091f0babfead5be60a033f9191755e,5,"3126, 1650, 1946, 1283, 1282"
'0x9620d464b1a61be55a3a5062e8242c5def9aaab0,4,"2458, 2286, 2919, 2083"
'0xa5b96927e16652578a756e907b7969aa85d66093,1,2013
'0xa0800a288d3d589f4c62b70543bf8275084990e5,1,521
'0x581a5a3edd929ac643618fddfd8f4c3fd09c8e8c,4,"482, 1660, 1492, 1491"
'0x9e01f182d32961620ccb1592a0184fec6d021eff,2,"2221, 2220"
'0x494660c038a77447b83bc71ee4f2d3081f05a3e5,1,2756
'0xbdc8f897a960231cd076001684244c06ec09c23e,1,2713
'0xe0a2c3cca674d4b9add7044b4c78f4086abdb5a6,2,"607, 483"
'0x4297facce064509933ee16b0f8862fd9c326c65f,8,"3067, 1808, 3287, 2186, 126, 1295, 1054, 3024"
'0xbbd17b442f2250a2e53cab0daccab3df144aa208,2,"1414, 2511"
'0xd698ac62fc33624ac4475bcccf4e723e9b8c5576,1,2455
'0xd32a0b1f19dd444aa91f929fc73b228b444d8eea,1,1658
'0x3301e32ac034d232268dd8663fb46415b73c1f29,3,"2181, 824, 1094"
'0x14baaa573906c24ec9dbdbd3d092fdb869b2d0f4,37,"3052, 2778, 2424, 2333, 1931, 1859, 1815, 1770, 1766, 1713, 1712, 1522, 1347, 1104, 996, 939, 1737, 1710, 1827, 1007, 3268, 2336, 2295, 2679, 3181, 665, 1600, 2983, 3090, 2839, 1830, 3222, 1772, 3318, 2224, 677, 688"
'0xb7c18a8ff653bdf6a9d4af47f721afb5a686b975,8,"3115, 3080, 3199, 2453, 2009, 1853, 1662, 1122"
'0xb367697500a8c69439e9fc50908316c7a9e32dfa,2,"2281, 1513"
'0x937486c25d9658d119d3bc4490e39c87732cfbdc,1,1045
'0xa829349a540676310a9146ea90e5637e488fbd6c,5,"2552, 1789, 1268, 501, 186"
'0xeec5d1c0a2c8efb78e0d9a2cfacbae2035a3d640,5,"61, 63, 53, 3157, 54"
'0x6095caa80d8919078d05fd8908c7d46c756cf74f,2,"68, 534"
'0x7770d8a94aed8b69b9d82093e6e0a69c52acd816,2,"73, 74"
'0xca4f17f7db98e51057bf25c1a9e4033b2735eaac,3,"2690, 2469, 270"
'0x01fb51f8a664f0f2b7cf8f6eee89f7c1b7e05ba1,4,"2598, 510, 1906, 1905"
'0xe485768ddbcbffa556ecc4f48b305057a16b85c1,3,"2479, 2415, 2339"
'0x4f6d7a7239c8054ef454befc846a86fe105f6cef,3,"3088, 944, 55"
'0x9a643ee181a55dbe8e53e67af176f1435f961116,4,"56, 51, 57, 1591"
'0x397849201781a6f68553be371c3c3b14f738f9ac,4,"60, 58, 71, 64"
'0x827ebdd75a93ee2acf3668a745814764f7726d80,4,"65, 67, 66, 70"
'0x7c5fc634ebec63bbe17df6412b9896fa2608be10,1,1029
'0x9594c451f1a05c6c0b5c846548bbe5978b959a47,23,"3120, 3118, 3271, 2193, 1048, 2462, 2672, 547, 358, 2406, 2525, 3114, 2005, 1837, 2494, 1963, 2955, 842, 3106, 1637, 733, 3220, 1076"
'0x45c7e8d02f9f4c519c33df73705e966b56ac0e54,5,"2808, 1987, 292, 200, 199"
'0x2026f1c47698d9bf302151b7f12007dc06bdb8d1,3,"425, 2701, 2564"
'0x00932816d6d04a05e6a38c3fb1c0dc4625ccf8c0,2,"642, 1225"
'0x458545e203aaa652b7f5363db4516e0e1334313d,1,2205
'0x74b8e70eaedd1a1b565d8d1ba97060a6602e8b2b,1,1920
'0xb38316d3ea230bf50bfa06c628f86af2fe196826,2,"1554, 1483"
'0xb04373386da99a1a07935b7acd937b26e0c0826a,12,"1648, 2219, 2399, 245, 2489, 2442, 1274, 1703, 1518, 1790, 2185, 2535"
'0x426663dc9c86510b56b0f45ab9f1ce975cc6a42d,2,"2853, 898"
'0xd87d6dd1a0cfd174f4100ab43aac355224522da3,2,"2575, 243"
'0x4a8b9e2c2940fdd39aceb384654dc59acb58c337,8,"1887, 708, 2855, 1219, 827, 962, 2509, 2764"
'0xaafa2d532796f990cae3874f55f9b3a4d4031b5f,4,"1426, 1425, 1169, 2994"
'0xd046c58e6fc82a06c570ee483b2d92d2bb8f8e19,2,"1605, 1606"
'0x5b7aee89848bc1c7447c536973b4cc4e83352f48,2,"2814, 1652"
'0x954206379679474a383d9942938206a40868801e,1,1464
'0x92221864ddeabb6a53a4d00e121770c04cdc5f37,1,201
'0xa4c17e127cc4180b0a2a8e80408cfb41548f696a,1,1490
'0x3ec329fea6049aa39a48cc409ca996c6740bb375,2,"3053, 2541"
'0xbe441ca20f0e7e4300b025a9ab7f36a7809118bc,2,"735, 736"
'0x86d3a843259cbba57ee3ec7f84ddd9508872c152,2,"3182, 1139"
'0x2b2b887e31133a6a56a973c8d0436bc9ba09fc0b,23,"2715, 1795, 678, 123, 3274, 3275, 3074, 3068, 3193, 3192, 3017, 3047, 2896, 2852, 2623, 2534, 2172, 2160, 1458, 446, 431, 414, 391"
'0x5a055a4ba345ff6f4ade846287a937116cef3aa4,4,"537, 2981, 2351, 1788"
'0xc8d633e1e3c1cb863e1790ceb6150f69c2ad9f33,1,2513
'0x79d67076152fd2cedb2555d1d79bd3375e26a3d4,1,2461
'0xce19349b9948b09619f7a5215fee4eca78562d99,7,"1589, 266, 397, 279, 1095, 2265, 943"
'0x1362a5e172986e68f54e6a191adc7062c4a97fec,1,3215
'0xa6f6fd74cb75cf5823b0dd34541bb0ddbe80cc7c,4,"2964, 1175, 1174, 1168"
'0x82c342d88e7b8a27dc0a517477a855a5cdcfe242,4,"2569, 2038, 629, 297"
'0xb987a30f3dc2e3c30aebc20a4b9698f3875217c0,4,"2850, 2095, 1451, 517"
'0xad5e67f09bf71f63c330e89f08d604d98edfa90e,121,"3119, 3116, 3138, 3113, 2687, 2693, 2691, 2397, 2201, 1070, 797, 750, 714, 712, 709, 695, 380, 347, 195, 162, 1780, 1365, 901, 859, 858, 793, 784, 711, 679, 635, 542, 476, 438, 411, 403, 398, 331, 280, 261, 192, 134, 1387, 1357, 1327, 1273, 1255, 1226, 1222, 1182, 1176, 1147, 1125, 1098, 1092, 1088, 1071, 1012, 977, 967, 942, 906, 2010, 1947, 1916, 1912, 1867, 1861, 1842, 1843, 1781, 1779, 1767, 1680, 1651, 1642, 1595, 1585, 1540, 1517, 1469, 1454, 2510, 2405, 2387, 2380, 2372, 2361, 2348, 2347, 2340, 2302, 2287, 2284, 2277, 2254, 2253, 2171, 2159, 2104, 2079, 2048, 3316, 3289, 3236, 3235, 3105, 3159, 3171, 2962, 2951, 2784, 2804, 2716, 2702, 2624, 2629, 2576, 2506, 2470, 2468, 2420"
'0x8db7a3199d783932212c438ba34aaf43381e278a,4,"1037, 486, 1709, 1539"
'0xc97635ef64fe4a5c58131cf9cb762859b5e7d5f4,4,"1811, 917, 346, 2184"
'0xae9beeb0e135f365864c141b77bdf2d981712c9a,2,"2608, 1980"
'0xe001aa1f5423a98e775767c50202faeb660afda5,2,"2668, 3054"
'0xe2820804ba47d99d156ceb4f92f640370fd4cf63,1,769
'0xfb956fedaeef442cc643caaf47e921224d1a4008,2,"1040, 1041"
'0x48b7d80dbce65592fbdaadf57f17e7e4c6fadca6,4,"591, 592, 2359, 2643"
'0x8a7cc08a1e6e03e80abac61fadb937aae8866ad4,4,"268, 1556, 318, 2671"
'0xd90d84f9f7c0bbd1e88f8338b168fa0ad7d935dc,1,915
'0x0e1006f5af875ee625e93c8828c77ed6f9c76283,11,"2583, 2438, 2260, 2016, 1442, 1389, 578, 299, 222, 154, 12"
'0x49a4b97574585f84ff45e2ddd55c3d7f6b1068a6,1,1620
'0x3b2312becf00ce4b7ad04f214dd8300e44012e0c,2,"1791, 1276"
'0xd94fd6780f51c75230e719a317cc697a400244af,7,"2073, 294, 295, 2542, 3273, 3213, 2912"
'0x7060902cef09f070dc96b95218e99b77316c20d8,8,"1314, 1902, 1530, 919, 18, 1178, 1322, 1799"
'0x93a69834f900255f95585d5d9d11249deb62cfcd,6,"1690, 242, 1801, 685, 1317, 1415"
'0x536aab8641a3893bed58706846ea311d69ffb558,2,"2443, 775"
'0xc295993623f361d443a38069826518ae563e00a3,1,809
'0x299a11ff7df32223fc9e0b71a06d89d3dc391f3a,1,2580
'0xeb9502bc812c21e71d7119bf0167ab4545eeb779,6,"1376, 1002, 1003, 995, 1310, 1309"
'0xd7ea93801a82c5608035411b96270d6dc21dccec,4,"1069, 1068, 1060, 1061"
'0x0242ce9f120b918ebea7ec7ba6795e015a589f89,2,"1152, 2173"
'0x20d2d13156a7a726b93a1cecf1a5f6d0fa6a7b3a,2,"2466, 2467"
'0xf55a2bdcd6e9788b39bfd340250bde2c2c358009,1,2859
'0xf2aff6c26dc6aa9914f672c8aadd6495881a55c8,4,"401, 1062, 619, 1797"
'0xfb68421afdb23163c52a62147c79546000a74c30,1,1136
'0x6a4f8c5943a6d9e0081dc06b6db1794572e7acbe,11,"3297, 2884, 2890, 2719, 2736, 2747, 2615, 2545, 2303, 2272, 641"
'0xa52ee2291289016af1482c42ac48777edb61243d,1,2398
'0x80c521329bc52917172b9c3e2ea019a0805fd430,1,2948
'0x764bea99da917bd4e8828c984ff6feb11bac0160,4,"3259, 2788, 2683, 601"
'0xf39769853cf9b75c5d22e07a80173a33f234abd2,1,675
'0xa75475452b3cd1982ec976c040e195ed70a69d23,1,2606
'0x0c5c8f8926e0b71b311deef51553f36c08ff5987,1,505
'0x085a49b53e669730916df4dd9cfd1881f74115bd,44,"2548, 2158, 2157, 2130, 2138, 2137, 2218, 2116, 2115, 2213, 2212, 2154, 2153, 2197, 2196, 2326, 2325, 2328, 2327, 2080, 2141, 2199, 2198, 2124, 2123, 2112, 2111, 2223, 2222, 2152, 2151, 2110, 2203, 2202, 2146, 2145, 2144, 2143, 2136, 2135, 2140, 2139, 2227, 2226"
'0xf3b3d1a48567fcbb4909a00c9b18393fc664956f,2,"2873, 2364"
'0x55a7ebca94219935e3702200a0ba9e4527477aa9,2,"2322, 780"
'0xed0cb78dcb128d3623c140ef9251fa7a5f7f8b95,2,"310, 311"
'0x445a1ee6cc1c51ab664ce76152f4b2c12d4a7b9a,1,2195
'0x796562d2ab8979c09be4b90422c96c8508a5cdea,2,"746, 747"
'0x0f92aa8b715f49f32b62d51fff9e09f61d5b153e,2,"765, 766"
'0xbc53089acf9fe8eb0c70de5839a7826a3ece1bab,1,2933
'0x7461c9f02b32158febdd7200e3324ae45860f125,1,494
'0x698f3771be40bc1ccc4c9b28d7f1215620b75f3c,7,"2000, 1984, 377, 256, 469, 2165, 2491"
'0xa56e492835ee37a108609608340bd6ed08fbfc77,5,"520, 3305, 871, 1351, 2089"
'0x88e3166bfc364a675cf6828126a789187b79a532,1,862
'0x9fb80f97198e39e53ffc5b90d17288ce7c68a733,15,"59, 3108, 2920, 2892, 2793, 2630, 2216, 2052, 1744, 1638, 1407, 1398, 1277, 1134, 275"
'0x5ecf7d03ba6673653519dd0624af370cf6c14aa0,2,"2954, 1291"
'0xe374df433ca68d6165033abf946b69933d21a746,7,"2946, 1103, 1557, 2276, 2280, 2591, 1930"
'0x1291990cb3c235aafc5136dd3d7996033c58beba,4,"3195, 2967, 2383, 1177"
'0x92560c89595a02c4a6853df736e5885e0cbcd663,2,"1866, 1865"
'0xae9cc8c8123a161f34295eaa089ad5cfe293c252,4,"2059, 2058, 1506, 1507"
'0x21ba5b2d9109a9183968477f38de6412f484822f,1,2958
'0xe7d3993cd5798fa0d85dcc33bf8db835ed96ac0d,4,"1968, 2403, 2502, 1969"
'0xdc0d78da7aa7a63a12e48239c0e775c8472fa131,8,"1137, 664, 3322, 1394, 1828, 626, 244, 2162"
'0xe7c74c20fea5a22a36746c1457320a89eecd2aca,1,1390
'0x75b83d756aa07d20bb726f9f96f2634f7a924a86,1,932
'0xc53e117d73064aef1eb25117df25c59e909847e6,1,2740
'0x386b491722a971773ea5ca47069ec2a2042d6216,1,546
'0xafc91325fb4a1092cda5c7d40e2919f48c70ec87,4,"760, 3006, 526, 692"
'0x56a63f96bebecec070333dd21974250e5251e9a7,11,"938, 2527, 1805, 1211, 553, 2801, 3111, 1747, 1172, 298, 1352"
'0x9b78062ef422367675ddc51bc640ccd35564b6e6,3,"763, 1403, 1402"
'0x7090b6e8b9b6f1ec8f022f4fd96b2e0aa8100fcd,1,1419
'0x478fe7c513a94c299ddb494d52d1fdd673c784cf,4,"2497, 2496, 787, 440"
'0x161cbe662599c8247df228fd1213a3521a4d0f11,1,1375
'0x31bb30270731c1e71bded97a3fb468c0a5a33a11,1,1435
'0xe7ccac31019ce03444d55337a65fc03117be348d,3,"2660, 3291, 1017"
'0x5721b5085768b0848ddcdb59facb43ca28b8098b,1,2495
'0xc8d58357dac8b8c59b44f55ad067988dee043c24,1,2204
'0x6901883760143dc6a7865d55dd0b7942f32d60b2,1,2190
'0x148afbce5ce5417e966e92d2c04bd81d8cb0e04e,4,"583, 115, 1405, 3100"
'0x33370b08f109edc843241002d71736e19dc74064,1,999
'0xc1bb650c74920cc4872eba699329eb32eb9e0699,6,"2043, 451, 1694, 658, 580, 579"
'0x63ac3c3ceffa95c0a7e43d40a06f4ec3b3dda478,5,"1456, 1584, 1551, 620, 2365"
'0x7785082d0d265f7fc1107d17af5ba102d1dbb2e8,1,576
'0x7ce0cabdc99d0a5b289ec70d72a645b429580364,2,"776, 1607"
'0x141b90bab64aa91e752fb182930f2a5a27891c1c,2,"1868, 3148"
'0xee58ba0b47e8afe95f7d283964a2f3a3928f2814,1,1573
'0xf056d28ef3f98b146f9506119ba6bbeeee433b8b,1,710
'0xd0971f1583ca98a2f862e8cda00f3799a1b14e1c,4,"1005, 1084, 461, 3204"
'0xe16b6064d795504a2845d72d4b85be11529b73ea,2,"522, 1698"
'0x81348f8d4506cad9e806b840886d651c2c405d7b,1,2175
'0x65950d7712d3ae1c15fe76829914ededb8ac7570,205,"223, 216, 206, 202, 178, 159, 143, 611, 594, 573, 560, 529, 519, 506, 465, 457, 445, 410, 340, 323, 321, 296, 287, 247, 246, 935, 878, 877, 876, 856, 833, 831, 830, 826, 816, 808, 795, 751, 748, 693, 676, 672, 618, 1256, 1249, 1230, 1210, 1205, 1155, 1141, 1093, 1025, 1022, 1016, 1004, 1000, 984, 953, 945, 941, 936, 1481, 1475, 1471, 1465, 1410, 1400, 1366, 1361, 1360, 1353, 1339, 1334, 1333, 1320, 1321, 1319, 1303, 1297, 1878, 1877, 1844, 1823, 1796, 1794, 1786, 1776, 1670, 1654, 1633, 1628, 1593, 1588, 1532, 1531, 1516, 1494, 2062, 2060, 2042, 2040, 2024, 2021, 2012, 1996, 1992, 1983, 1965, 1944, 1917, 1910, 1900, 1898, 1888, 1882, 2330, 2329, 2318, 2316, 2311, 2285, 2271, 2259, 2251, 2233, 2232, 2191, 2189, 2166, 2163, 2155, 2103, 2085, 2577, 2589, 2562, 2560, 2539, 2501, 2493, 2484, 2474, 2471, 2465, 2464, 2412, 2407, 2395, 2386, 2368, 2345, 2785, 2865, 2864, 2782, 2871, 2838, 2816, 2689, 2722, 2744, 2670, 2667, 2707, 2663, 2648, 2638, 2603, 2633, 3173, 2977, 2986, 2984, 3028, 2974, 3038, 3043, 3022, 3016, 2970, 2979, 2950, 2934, 2905, 2908, 2798, 2791, 3323, 3321, 3319, 3285, 3263, 3293, 3249, 3269, 3214, 3128, 3121, 3185, 3145, 3229, 3078, 3180, 3085, 3073"
'0xbc34e23248062bcb6a0479306ea3522b7552de04,4,"1730, 2931, 1474, 1473"
'0x5c9240d5a0b1366da300eb58eda4f9684d0f5afa,3,"2634, 636, 508"
'0xd3f73db2227621dcb06a881fc9e9e13272773d74,1,2989
'0x63cc0c8c1f0c3b4235eee5bb57e9ea78107e6606,3,"339, 1755, 2840"
'0x7f8ab7b5a08ae329731ce6ec13b052c823975204,2,"1644, 1645"
'0x24442aa9eff0ba13a8e3ae2cc5fcd4575620e0f6,1,3267
'0x0b66b88240900d44ca11fa61a6be75a6d3f37b1d,3,"2480, 2360, 2676"
'0x89298834c19b03fa351c94a3a18605c5f069ede5,1,1356
'0xc1dcad513b8e066a3f27dd5cc3edf0a920645bc4,1,2857
'0xdb609150927b0bfaf8edb1fd4bf5e3782b722be0,1,1756
'0xbab627480027f219366a1cdb126a02bc128e41ad,1,1666
'0x31ee18d3a66eb4dbdf45a142d834c7f956679067,2,"1248, 1391"
'0x2e00830b4fb93e66023aeba548544bcd7dcc893b,2,"1536, 749"
'0x815462a6cf28c23049c875752eb22ff8971f1fcc,1,3143
'0x09cd5877bace2ecc8557897d2240fc78a5fcb000,1,764
'0x54190c034a7d615e907780639a1295e8ba2fc60b,1,1185
'0x6316a2e27f36842fdf6317eec0f57cfb2fb820c9,1,3041
'0xeb01d9abc02c6902ae44bdc8131b9e34a93c7aa3,2,"3137, 2898"
'0xd809255874fa797167c2e733985768aec9e2e98f,2,"1418, 1417"
'0x207b472f26198f42d1e4e6bb76fa1a998019fa6a,4,"452, 1689, 2811, 1688"
'0x402509c30eea96418d4b397594f4a6482cd23795,2,"2070, 2069"
'0x2d6379e92bae4318f3bda66f56128884cc6e144e,4,"2071, 1466, 660, 197"
'0x0e1da08a2c3710187d3327de8466258d683b3785,2,"976, 1486"
'0xd44df6fa2bc70ef7ac0ba0c8758644a2f7fc6b6b,1,2809
'0x1e817924a6643ca8cad5799422df2cc5737d858a,1,1388
'0xc68a7ef314701ec4d22391c1c6524f960a2b11a5,4,"3077, 2825, 2599, 2298"
'0x5ed7fac6ad9c96d568a2f991fb1bac3c9d9a592a,2,"2034, 2033"
'0x89d1ca67e7e9bde74fffaaee6343faa13c759dc9,4,"2122, 2121, 853, 852"
'0x6fba7a0ccf4581b1c095a60a933d5b7934ae7094,1,1636
'0x0d896566bc602d7d64f8f3425e418c1a07461ba4,4,"1406, 2622, 2258, 762"
'0xf80cc583776bd1f221999d4f85d840c945e5fed6,7,"2269, 1105, 2460, 1087, 1086, 865, 637"
'0xc107c028e7030141f89b708ee9560950ecb1e9c3,4,"725, 914, 3277, 355"
'0x533f63c3a00f7df0054e48b765625c5640ea83a4,2,"1038, 1039"
'0xaca3f06100f998a89b52d785ba89a827fdf04085,2,"817, 3290"
'0x9771cc0a961fe695d964a3aa1ff022fb97e53546,4,"3066, 3014, 1455, 916"
'0x6ad90cd945cd7234a27c0e6c6b8b26ea3a430e75,1,3194
'0x93d21ee30ee7c554d475afa4c35a32e50839b214,2,"1976, 883"
'0xf0d3a8021b63469e7ee7726e61831b142fe655b0,1,1116
'0x6c8b9de5164cdc5ef6620e9b954390d95a7b103c,4,"2810, 106, 1927, 1928"
'0xb22a7c9bd86a428c09af3d7cf93683d23c944fbc,4,"1489, 2150, 2149, 1284"
'0x03463943d72dffe6d5ba7ad5e93dec16d00c707f,1,1673
'0xe0ff7918a706cddcd84f4f8ac49ec855df74e237,1,1463
'0xaee8ba9f3a6d4b7976b0095a05cea126a04fdac7,3,"1232, 1350, 1231"
'0xf83f94f2c14e32ec192a67be32e50d425089034d,2,"1952, 2837"
'0x70b450e3bfdf5899e397e864b6ffb6ee534ab13e,4,"2647, 2035, 1503, 1502"
'0xc99b6d3c23bfa3b2e0f76babeaaf3d249fc7ee75,2,"481, 1424"
'0xec9002ed8bbd86775c518ca9d3bb49ad2612dd75,1,869
'0x1d862f78017aeb3cb58f1a1515cae66b35565b42,6,"3013, 0, 107, 2874, 3225, 2657"
'0xd23a3a4266924a90e50c2a292c431a43a8b9fc49,1,568
'0x86ef116fba6d62e3b2c68437dc51923e4937ab83,2,"799, 1265"
'0x8c6ec7038c9f0a4fd98a079839edc43cf1fd5f83,1,2724
'0xd4e7b8dfce18e92af985469e4102ea25bbeb0d30,2,"2907, 2845"
'0x3399614e33d68ed744ca5828c90ca4e4ccb657b8,2,"523, 179"
'0x5e2851a27bb569d0bafaa6482404438f603c390a,2,"2537, 2538"
'0x0361f503415b050281156c1ceb47dc6e4ec00d81,4,"2354, 1416, 1063, 1114"
'0xb07ec279cb99052e71e4313a2a6b41c3d3bbf01f,1,1452
'0x35a438536977c742ca7c2857a43e83b9a62b259d,4,"2980, 3081, 2641, 2487"
'0x9d9287e1be5b7bcb38432d615a0f4e6fb802c264,1,1951
'0x77d03cb6add0feb8a1dc3842c45d98833540c14a,4,"2655, 2651, 2531, 952"
'0x1de4d49959eafa01ab3706aa20707a3f1dbe2424,1,1101
'0x05bee12287cfd9320188e5d0c64d6eb1825e5295,2,"994, 2208"
'0xa1692233427361e25b25b52564b68bc0a38f9c60,4,"2297, 2757, 1436, 1725"
'0x1da0c517c98757c22dfd18ec37f852c492622bd7,1,2645
'0x6a908a3b7c658c874a2263ed181c2867505cd1a8,1,3049
'0x3b2c2694682c4f7333f851e58547a86b1b22780e,1,1512
'0x84a0e7bc25d7df82a0bbd6ed5795a47f26037a9a,5,"2288, 1991, 1813, 1659, 1457"
'0x84fa1d08f19c17873f2657b3203e8c12c0e7385a,1,97
'0x5435fe908c050329045b2ff02585ae3d5e4225e5,3,"2215, 2214, 1624"
'0x0e4b3c98f27146b35f8c243e3dbc1573208b24e7,5,"2045, 1932, 2036, 1227, 2917"
'0x91aca13b42ac160c9e79a3cdcbb42cf68c1f15b4,1,1945
'0x0f62cee906bd144a2af501effbd8ce2542ddfa1a,1,1493
'0xb5ec38d250cfb141a12dc0b799addb0ba7b3f788,4,"1754, 1717, 2133, 260"
'0xc8bb2314543a4cd7d81888a6fc6e091b6e72729c,4,"16, 14, 8, 7"
'0xf224837e13b1a745574ef68a73427b0063f266f1,1,2416
'0x4fa809b716f06ce8b243830de87bf0d5223b27b1,1,1527
'0x139624aaeee52242bf033d622c30ae03f4e0e056,9,"1525, 2148, 3025, 1377, 3009, 1355, 2078, 585, 2637"
'0xacc47140d6d44df62793c9f14bb3fc32a56db5ff,1,2677
'0x2f18b0b0d6c0bd56b6da2785ede406832f273d25,1,837
'0x2bb68c26e75b01d2cbb9b1d71432fc53c4c80350,1,3281
'0x1f6232494997cc82ce6cfb0ac3095abc635b6b9c,4,"2579, 1138, 613, 786"
'0x0c8d78b49b604dce335956776f1b868292c09b3f,4,"3072, 3045, 3008, 3239"
'0x4c650c1a7d63cd37c56062b985037f8e7386e130,4,"1510, 1999, 2872, 2910"
'0x322e828ab1440fb40e3cd21a6db075cf97b11bce,2,"1964, 3165"
'0xec3a11af969a5707423f60130685f5bfb0c7cff1,1,2072
'0xaa055465280d383b6475322f7beb9a0e1fc8aa5c,1,2499
'0x2afc032aaf6d7ead33fb05f9d42d874874dfb9d1,2,"978, 979"
'0xbf94f70ac1c207a0d7c43cc13567a296794edd80,1,1378
'0x35114203027e47fab88181e5641b4b5709d2b199,20,"1609, 1610, 1849, 1850, 1566, 1567, 1099, 1100, 1307, 1308, 1119, 1120, 981, 980, 966, 965, 690, 691, 1570, 1571"
'0x8c255193d42428875b542b86995cea548b71302f,2,"726, 322"
'0xb4afab9ae75c991e71cdb8acb9a90be7be14a2c3,1,130
'0xf8fbbc3c6f27033a26b468777a7048435c7ac5a2,47,"872, 1627, 1818, 818, 3301, 3198, 2600, 3191, 3190, 3189, 3188, 3004, 1075, 2953, 3314, 3313, 3312, 3311, 3310, 3237, 2848, 3132, 456, 2521, 2941, 3005, 3302, 2618, 2992, 2965, 3161, 2993, 3037, 2835, 2833, 2832, 2831, 2830, 2829, 2828, 2827, 2826, 488, 587, 1568, 1477, 1336"
'0x58aa2dd8c443469839a1c13f340a4dce0c97abc0,1,2595
'0xf5876701de75fed36358b9b73092daa91683a085,1,1162
'0x1ef29849de9acec0e69e8ef08732f06c6f07d405,2,"1765, 1764"
'0x03f6c0105663c402f372f292face01b29b83a77c,1,376
'0x69020000b085505665b062f0a52190852d3592a2,1,3112
'0x81ee84d1b0831ef72594af2a0c218e5d04f7e4cb,4,"1757, 3158, 2596, 1349"
'0x4ee5d8b354f13c9a888e9ae92e87c34b04acc56f,1,2109
'0xc6bace116f5b9e5bdbc8c03cefd96027927ffa5a,29,"3205, 1460, 1667, 1354, 305, 1994, 832, 500, 1678, 1655, 2602, 2011, 2207, 1708, 176, 286, 2030, 1582, 2096, 1872, 2025, 706, 2987, 3232, 2743, 1500, 564, 2616, 2985"
'0x311430f683741d4ad585544b4dc58a2f70289884,1,2278
'0x8e6d709a63f6bc71ad63c83f061c6a26d9541912,1,1337
'0xcfd7b68c66ed94ee2960710d4e81905ebe01f366,12,"367, 316, 317, 198, 552, 495, 1342, 3058, 2929, 2436, 2822, 659"
'0x7e2d0d1c12cb1be7440386fd49d3cea6c744fdd6,1,3178
'0xb1df5e6f8269fdf5f127d022f77c2af55ab6e252,4,"910, 393, 1013, 2274"
'0xe2ff56d0d334fc1b68bca1799572cd4419591cfb,1,3169
'0xec4f215430c5f4faa9cdfb55f06176dda381ac75,1,3140
'0xe1fb96047929bda67f977e5eb2677b3bfff76d2d,12,"2982, 1732, 3223, 2918, 2945, 2522, 2242, 1800, 332, 1422, 2037, 2064"
'0xc57e82b73d83c166b130f340e3e8e59f4efa845d,1,2922
'0xce38a8dbdf841f72b73ce2b5785c8cc7549f4078,1,2373
'0x7c17e3de8732ef529758b85b23608c57b03b380b,1,968
'0x0a95bad935d0008cbe373025c922d7a8bcf88424,1,1470
'0x4da11ecf1bfe8aba3fedc5faa6e0c81ab8aa23e4,2,"326, 327"
'0xcb20982344ad09116233d85a1127fb9ec995af32,2,"1526, 437"
'0x411f317c9425041b328b8312b0739d11fe66586f,1,2863
'0x9e1072e767f27a90e56780dce33ca34d01f7e21a,4,"1597, 1009, 803, 785"
'0x006bf0f305311b21e869cb0b42b1864533e4b6fa,14,"1015, 3187, 2639, 2076, 2723, 2944, 1077, 1736, 1028, 1050, 971, 905, 924, 923"
'0x227436188f9f3430d8cd6fe7f89198e36aa4df5c,1,3086
'0x1179b5f8f9310c9b085a001bf35ff0f649588868,1,3243
'0x0eb4fd6f39c1e571964c0fd678d091f300a97b31,3,"2266, 2978, 740"
'0xd5ac65ce61e06d0bb538a7d0b6c165b1ced3af12,4,"3216, 2530, 3218, 2646"
'0xfbfd75e07ac96efe6315285fe4d49502f9482922,2,"855, 1348"
'0xf5a4865599c2b47db7d86f8c433f80b78de324f2,2,"1280, 1279"
'0x245b1e41e57b534caa29aafb7617ac6ee5c2cb11,1,820
'0xd19a8b29f27693faf39e97eb7437e55cf270f990,2,"2990, 541"
'0x9e8e45461b95f318d8fc87a1ae89256b82cee60c,4,"1537, 3023, 2666, 2092"
'0x3a89cd7d1cf3eb657f70954f0011548675c7132e,4,"870, 381, 233, 234"
'0xb4a61a626cf9d12d914374cd29af09c5b17cb9eb,1,2739
'0x3b9144f1ba214524f8eb0c91ad66f823cd19ebdf,1,2704
'0xd3034bdc0b7b7168aae7f96f4dda646051635bc7,3,"841, 2300, 703"
'0x1fd0f65e78f11452225411e4ae7ec31d1252d535,1,737
'0xd13ab2c809f8d9da0728798896a980a15c570210,3,"3300, 1616, 1254"
'0xf4988add7ed0f396025bd647b0de4ab3fce4e770,4,"2296, 839, 2366, 2611"
'0x4f582c02da18ce1b342c2eb38c015c8dc5c75c1c,2,"1592, 1596"
'0x7e2dd844e1e5a67d2dc492dc0e33b9a50252c866,2,"610, 584"
'0x11659ea343ae6b68a65dbd7b114b2970348fe132,4,"1634, 2142, 2081, 448"
'0xe11addb31f6257e736ec64e90610530aa987f83f,4,"313, 2129, 2533, 2057"
'0xa60196c6d1c8dcb9249bc91f3993f8915469cdd4,1,2904
'0x81e9dfecd0d242b4e2f80c18a35305b2494c442a,1,306
'0x250279b8d6c1e0e7dbce1cfa7ce54c9aaebd4a03,1,545
'0x26fc65a295c536699adf66ed68d49fc7a7a14d14,2,"373, 3084"
'0x4b0c04667b1e0cace3a4c12afdc4583a8343e541,4,"2056, 838, 1552, 1699"
'0x2987be2462a88b86aa9bbda02ddf70958fc292a6,1,2594
'0x1d5ba0df2c11d0d19896fa6f4e6d6ae779d68dfc,12,"628, 2819, 2972, 2971, 2878, 1479, 423, 586, 843, 1625, 1602, 1601"
'0x31c8f822ccb0c0815983e88d9c9c1e184af0daf5,1,503
'0xca9397f82936dd0a00951c711e2b31710e7bbaac,4,"1529, 366, 2414, 2813"
'0x4b694d97cf3314890ce1ed09bb939a58148037b5,1,3332
'0xcb6327ccdbee89f709ff104efd736f801e4279ed,2,"444, 443"
'0xa2d8c2a3170a173aa2b161b28dd0a4a5de4104e6,1,2134
'0x92fb805e5da36e577240173615cecffb0319da66,1,1863
'0x088a4512b2d9e00ac2f9513f47514d0eab2851fc,4,"1935, 2526, 248, 2952"
'0x8e32087147a27515d0c395e7f82c82ad1f4b1e23,3,"846, 582, 2790"
'0x48d26fbd89dda10c72cd8dc7b82b9eee0af6b48d,4,"2481, 1485, 2543, 3065"
'0x5004b58dd896e510a1cc124664ae914f7f1fdaeb,2,"1461, 387"
'0xdd707c78f67968acc6d300ff4b4a5ce888c1319f,1,1847
'0x833db8268196dd02c9cc8dcc6779002e68c67796,2,"1433, 1434"
'0xde8027ec2f6cbfc5c783186b8dadf231166f53dd,1,1193
'0x20bfd81580fc87a699e2031980a855c967bec9e9,1,812
'0xde82d44591a1f6eb839ad327d183bf464337cae2,2,"3324, 1735"
'0xc2c604e7af5e73e1f49b51ad6ffd689b9702ed30,1,1734
'0x10bcd91795cf71a6ed25c971532ebf95ae9f4324,2,"1852, 1851"
'0x363913984f74045720c8e003ef4ca67d39db789b,1,3018
'0x97469f212c39c24e664ce9fdf255426e25ad26a5,4,"3098, 3104, 2664, 2063"
'0xb066a5b94c4d1c7c06610d1628375e5e4b265de5,5,"868, 1995, 3262, 3261, 2696"
'0x495111562f0ec7438f9cb94c5556e19538d3be3b,1,829
'0xe0c18a7d36bba2792eea9ca935d8135c108ebf6f,3,"2969, 2514, 1267"
'0x94db8a3d46924ce27f276b472b0db50507d29a25,2,"3110, 1583"
'0xaf47b138d1f46bc449f31777fe16a56f207217e1,1,2698
'0xd04dc31a42c2b47abb84be174e2c0943ddb8edd1,1,2544
'0x168fe16aa69d9de92f8889c7f3da20709f0ecb17,1,2289
'0x023355121c918a467e25aef309937b54e6fcf9ef,1,255
'0x179be3d5307d656ddd59298e67fd1a21dafcee70,4,"1761, 2247, 1763, 2248"
'0xbdaff6212b9008ed8c1b65b926726a6e9d92428f,1,991
'0xf38e96c0f75ec11abebd45a85897a821010554d1,5,"1368, 1618, 1949, 1617, 2507"
'0x0a2dc66bde44a7a3401efc88f385387370716a3c,12,"1707, 1706, 2356, 1742, 1631, 2685, 1702, 1278, 1246, 993, 992, 127"
'0x8e3c98a6a28d841278e55eef9dd58852b831f845,2,"2410, 2291"
'0x1ced0b5c6ba1b129de685080fe966eb5f0f60bb8,3,"3175, 309, 1158"
'0xf4fcb4d9e3dba04a5ef4b4e984d8bfa7962d95a6,4,"1159, 1328, 1329, 1599"
'0x48016634eae8ae0a615c016618c30be4fac631fa,1,477
'0x6fd8684f1964e19a3535d5463303bacc250e1b59,4,"1553, 3196, 1738, 2765"
'0x9555cf8208446eb4167359d8cfed0811f26e33b3,12,"3156, 3177, 3129, 2956, 2924, 2923, 2901, 1875, 1520, 647, 485, 184"
'0x2e27127e82c991fde0cd1744d2376dfbfe585d75,2,"1131, 1130"
'0x67d5fc5e80591ef2425c3bb3ee6a814b0492d55c,1,2547
'0x402b083a73a138cfd70ad8de9d0577139a0b9469,7,"1450, 950, 951, 1449, 1535, 891, 890"
'0x103e2fc20c4bddf711b22b0d48702dffec9b51c5,1,1793
'0xe01a97fc4607a388a41626d5e039fdecbfc6acd9,1,3000
'0x01db485f57dc000e761b85641f78c9d212a2eeab,2,"1191, 430"
'0xdee0a45b12ea941e1c1672038a3771f232c792e2,16,"1550, 1480, 1331, 1330, 1247, 1245, 1229, 1200, 1183, 1065, 961, 960, 807, 386, 238, 237"
'0x715bef036f3d5a22826b034ded646c4d1dd15a04,1,798
'0xf760bfabcfa41ee126bd6b59099c594c41e89276,1,543
'0x8801d59bc400683492dc38e8f7be5b46ded32cbe,1,2061
'0xffefcf593d51d64ad81d4c97a9dc78933ba0ecac,2,"454, 1260"
'0xaa0c1be261817f295cde9e260a2d0e958e8a8582,4,"2796, 2642, 2337, 1907"
'0x07d8e3edf32cbb7c19d359d3225aaa6ac0d64811,1,805
'0x34039414c685fd2665a27c1de87507b492012928,1,771
'0xde9df0b861bdd07a39d8cafdf82067bce6c42414,1,954
'0xebd1b04caf3957d77dc0694063102d6188154307,2,"509, 1289"
'0xa4a57609a69696ec39e46d9493a43b65f8dc9cfb,1,1078
'0xa40d281de9c15d501ef21ac32f777a5a551fddd6,4,"2714, 2653, 2789, 723"
'0x7a14ae83c7571f51a2e64ba3d36a2fbadd52a6bd,1,1731
'0x1f906ab7bd49059d29cac759bc84f9008dbf4112,1,1293
'0xabe8dae6d5ea5809a3cad5300f9e7864d875f477,1,3071
'0x2d1c1069157ce310b920daf73b714d13a8ba2d33,1,2817
'0xc3284e30721e751972b51b4341fa8c6562b21a23,1,1716
'0x687bf187b8ab443b472ea88d7003c82968e79190,4,"1146, 3203, 3197, 262"
'0x9e20725108b824e8675c1ff156236deb2714b8ca,1,2249
'0x7626b9de95e49cd741646f3960932c612d8afd6d,1,249
'0x20a0c7c17e0a26ef3a9e754a3d1f395c57913305,2,"806, 2806"
'0xbff1b73c059d7daca19284a721230284ce6b5bf2,1,3295
'0x5dc4561125fcac2030d07301c50153cfe624391b,1,3079
'0x46a9e08a25618ba2be61c44daff47f5d4214a3a1,1,595
'0x56c7cf91eb7b4ab0f39ef46d4e8b4b44d49e9474,1,3276
'0x62783a7595c638dece76a4ac95ed44c1522f51e5,6,"2008, 1213, 1783, 1933, 1934, 3283"
'0xb66f94b7fe8d24c7e904fc1956c0f4210b474487,4,"2119, 111, 2313, 2312"
'0x56ddb802d2860c9d7d467eb1990b42b23394b08d,2,"2742, 3326"
'0x14d6f0c77a46b6ef3267697621ffe05232328426,4,"3012, 2478, 773, 2584"
'0x36eade2216ff83ea5035a221af8e79b6551c626f,3,"3260, 3212, 1649"
'0x02e8f5b606ff955aea63de3b395788c616ad8d57,1,1677
'0xa8ed34926dabd131fa7dfe88b11d626f0bf6bf68,2,"2448, 970"
'0xd27a66ba048e48b1d83c61a6d3b4eef8f69f5b0d,1,1885
'0x2ffe8908b19a8437abb05ae396ff9662a296298d,2,"1244, 1243"
'0x4991823598287059e469cd7523538b204760280e,1,3245
'0x7bcd5b59e796c3b7b961044da37fd9d80cb64fc2,3,"2003, 2002, 383"
'0x51bf9530211c94fcdc5c57755618b31a32cc73f3,1,1603
'0x278bf66dbf1e0029e2c58862760921b3f5e8d5e9,2,"2358, 2371"
'0xa34d7d609296c8d7978b9860310d15280169036d,1,3141
'0x679d411f8acdd58489fc8c37b0efed3706853138,1,1966
'0xeae54b4d1af1b1632ced5f034ca41ec9887b059f,4,"1939, 1940, 926, 3258"
'0x83161d2aacfc583607f9598452d5ba3f379ae3e4,2,"3176, 2877"
'0x43637570dbfa98fc04ba1761f672ae357eb7b8c2,5,"161, 209, 697, 2988, 208"
'0x895d17e4718980db34facafbfa3da5799e231f30,3,"2559, 3231, 1397"
'0x384789422fac6347e9b4350de4117ae10ddedbd7,1,2688
'0x3c58f518dfbf1b3f5e53e5992c6eeb56ebf62d2b,3,"2712, 2846, 3331"
'0x3c376dc9174c605d8d61d2875678ee771910af4d,1,1367
'0x9afe98f40386434cc11dff7dab9bb1b9a8905558,1,1871
'0x421e97d1dcd42663184299e9161e88d03ca7bf73,12,"3317, 3298, 2911, 2708, 2604, 2250, 2147, 1683, 840, 432, 415, 390"
'0x8cac66761f0c5a360c44e454a43f879a59fcc66e,4,"361, 365, 360, 364"
'0xec8f5cebc3ce7c66ff7acc0cb97e9c70095058ac,1,2292
'0xea9a9bcb97d9e0c12d1a95e9b92322836f164c5a,2,"211, 210"
'0x39bc3bf912e9662ebcca8cbe20bf1c2a32048956,1,2727
'0xb3ec0c6a789ae3fecf92b7e6e6fa7dd14b96e68c,1,1318
'0x77f36bc34c0e7a2907689e93d78b600fd004dfb3,1,3280
'0x38d9083efc597e1bdf240b40247c4ecc2f26e8e3,1,181
'0x75b420d653ed641ddcaeb9ccb43fe2833286b649,3,"2779, 788, 498"
'0x5ae683a9ebfaa2f7be4cffacd20fb864709615ab,1,2283
'0x271779b1e3a19c0fb8832795428574f86fcdd83b,5,"389, 1812, 2763, 147, 146"
'0x89717d9221b7f4cea598b9c7bd42688f3430baf8,8,"2170, 2114, 2404, 3184, 3278, 1753, 881, 700"
'0xa2fc525fd485b613126d3603570ad8ff33f894f9,1,13
'0xdcfa89ff62b4083cf62f31bb950b3a1e21f86248,1,667
'0x1962545e383b1160cdc6bb8b95bcd45bbde605b3,4,"2921, 1978, 156, 155"
'0xe27dc30c1dafe4bd61a6be5de55377d364d75ffb,1,1839
'0x7cfa2a91ec1786a088b7e9b6a930a7ee9a398b6c,1,2574
'0x74ee4f61342e01062134b50d17a1383eb7a72202,1,3154
'0xfa7592eee3a03d0b3733bda12fa0c68475df70a9,2,"2167, 2913"
'0x03bf6d33dc4269f4262d3a75030cd318f3dab32b,1,674
'0x08d669c856392c3814859c53fce9c02a9b5632e8,2,"78, 2891"
'0x5b8ad9467f14a4260312b50fed88450e37043916,1,95
'0xfc549606cf0eaa5411a11b69d7d9afb0a9a1d9cb,1,96
'0x76bdf03328529479982cc803daed9a31207b6e70,2,"1432, 1431"
'0xb30a00b83d48d5b5c017382d32dd435b7b96a19a,5,"124, 2843, 221, 187, 308"
'0xa7a42a30bae4f03332ca51ef74446cf9a77afa0c,5,"1332, 698, 3286, 1359, 2937"
'0x1c8bf21868fce2ae0153d283ed5f484f278a5a43,1,4
'0x198c1ac9c42e784d18818d8c8c40bd5811f5be9b,2,"2256, 516"
'0xe7833cf6ae9a898ded324ed2eae5ade2b26e3aee,4,"2319, 3265, 1508, 2807"
'0x5eac36a7716e06e80d8929d80706234f75e97dcb,2,"1672, 3027"
'0x76b9f822ccbbf3d9b2ec07f322d7cc3a478e1f73,2,"1579, 3020"
'0xf4cc4d284afda55d238a8df0f6294f7634bde34a,16,"1533, 2773, 2500, 3226, 3304, 1164, 2408, 884, 402, 1581, 1896, 2699, 177, 2849, 1563, 1562"
'0xabf107de3e01c7c257e64e0a18d60a733aad395d,1,2363
'0xcd8b72710595c69019c109aef5b1b92eea7f995f,5,"930, 133, 1855, 1108, 185"
'0x372f5344045ecce94f596103d7c7ee6f6cf50d46,2,"3206, 3142"
'0x266f04cbc747ae5d772321728e2fee26f1dd77e4,2,"1883, 1884"
'0xd0c1577555a263f797969974fae18245173f59e9,2,"302, 303"
'0x03a7530ab18ce12f4f597376985a6c5db9bc9746,2,"645, 644"
'0xb7877f3c1487fccb18cf40ea36430f4bc66a0cdd,2,"934, 933"
'0x11991ef4779b72973819943b08d9673db57a53b8,1,928
'0xeccb422448599b371a3c283d1e6c075d73d8f859,2,"230, 229"
'0x70cfc2048dd499170f68cc188ad7bf5d97503dbc,2,"721, 722"
'0xa42ea0cc528841cdf5e8eeac73b31c0bda9f75a4,2,"240, 239"
'0x4d551d2b7bd62c94903e8b3a767d82802f9825f0,2,"757, 758"
'0x6f1f9ebe9fd93121cd57e874d601f4ceb73fb82a,2,"283, 282"
'0x67b110b79959c90b7cb42d9b9e65209ff50be05f,2,"273, 274"
'0x7014d9ffe54821c85ffaa99c2fb116144fe26203,3,"989, 121, 988"
'0xede97e60c2a20cd8946b296813ea073748cad6b4,5,"264, 263, 2902, 335, 334"
'0xbbb2804cefa5bd94b482369d7d4760fc9cd60214,2,"597, 598"
'0x9f387401b2c566f621081989f7753b7cbdd1fe77,1,2053
'0x0ddc15c2403d31b635db350a5a32082e4bc98dbc,1,1363
'0x0dafe51b383f65c02e9fff017b8eccc308cb2eca,9,"1218, 2102, 2101, 382, 2897, 2650, 1124, 1123, 122"
'0x6df2a60789ca9295732874f12aada2ceb7e5d1bc,2,"875, 874"
'0x46b2bd5c888e6d57a839c559fd6076f2c15a8cb1,24,"2077, 2680, 2341, 907, 2161, 1825, 1807, 1684, 2519, 1899, 2307, 800, 1173, 2376, 1997, 1115, 879, 2209, 2314, 1484, 1856, 1769, 702, 964"
'0xda44e1c6addf1d218cf9633f6e1edffe11e41ea6,4,"1288, 2588, 2353, 1323"
'0xe675a1185662778f8593a122ecfe058088df5262,2,"1034, 1035"
'0x751f5ee4cebb80d2dbcb366d4f802b34e459f4c1,2,"3069, 2586"
'0x920d5e63ca6b2b2d073680dbc635bad9d57c38cb,3,"424, 1476, 2741"
'0x531a5e8ee6c57f4252ba54fc60068c952df5bb4f,11,"50, 1647, 2565, 1129, 235, 372, 2927, 470, 1057, 1446, 1445"
'0x5efdb6d8c798c2c2bea5b1961982a5944f92a5c1,5,"819, 1838, 3059, 2842, 1560"
'0x3b87a3e3dee5a9ac590ca7ca0f9846a1d7c8fcb9,1,89
'0x8dabdbd6f90116d0dd9c2abd597d4ee9eddc47b8,1,2799
'0xaf96514685eb4747a2bafcda072e0a29d18a6a98,1,1049
'0x5f6139cb429249921fb00aaf0b4c7a0353c361cc,4,"1962, 1292, 1891, 2065"
'0x726a989c34baea86826991be6629b4cb8c37bbb0,1,91
'0x1f43d76736cba54e249160c6913359e75a12a4c7,1,2454
'0x3925c0f213217162a09b4801b9e54ce11a030e34,2,"540, 1629"
'0xa1c0c0ff6eaa63e7b0c7bf441fc146afdb08fc7b,4,"2068, 1420, 3170, 3253"
'0x18d9b1e9459d1d7e53d102393e3b27bad5011b26,3,"2644, 1021, 1020"
'0xe4cfc6244b04c16d6b9bd12f0ff37cd908de5908,4,"565, 196, 345, 1948"
'0x73a02deb4c0587c9e36fc9316ccd919de06243e9,1,2488
'0x3c221280216c4be37d3b7aee42c3108c964434da,1,2963
'0x3595f629b43315c89a12ba47c6f129c64f657da3,19,"120, 673, 686, 689, 694, 717, 718, 732, 752, 825, 863, 956, 1053, 1156, 1564, 1612, 1785, 1748, 792"
'0x296c442ac3b32bfeb4bc0c64ead7984d5712b989,1,1841
'0x1182fab77843b7318531260e7c3b4d2fa0fd8db3,1,561
'0xe26c2583ab054450f2f7f38097fc18e4a52e16b4,4,"2844, 3031, 3219, 3282"
'0x6c0dac82751613c762254dd36058a3564ce082d7,1,1608
'0x478da538c87ba1d2acc617c5c9e0615a2623a2fe,4,"783, 475, 1514, 1936"
'0xcc00955c2165059ddc3a3dcd44e7b18b93e8c01f,1,82
'0x175e21a5a22e15dcf3163027bf42b51ac1c0a990,1,81
'0x430ef1b7df2df1c87cb39e1a2da7a4f53b039d05,2,"3208, 2620"
'0xa965f67d830891d04cba892a3eca47acb549dbc9,1,625
'0x431cc5e417d52e9b8e0741a414ed31588ad64c6d,1,911
'0xf935787cde498c51ded119d8452965fafe97a15d,1,1113
'0x437491658f7714cbba7fdd4111c034ca6650899b,8,"1423, 687, 719, 701, 409, 630, 730, 729"
'0x65a9812a6c21d181cb4061c3b928853f36540d0f,5,"3097, 2942, 2903, 1209, 1208"
'0x382f672b95ece16acf684ce05eb9665f826ff10a,4,"2870, 2869, 2868, 2662"
'0xb8a954283b3d1b894eadca43ee7fdca5b84b2a86,1,1023
'0x3e504fa0ba800fe050fd09bb55ae274cd93a3ed7,1,1586
'0x5467aa7f330356e7628a7a16d4bc1c5891081c4e,2,"2051, 2050"
'0x848c72660955bd9c360298bc3f0932f0a9d409a4,2,"2613, 3039"
'0x384582ce938903395c7070fa3f8a3a3a02217823,5,"2879, 513, 2823, 958, 512"
'0x3543493a76ce5ca362dd6eeef000547de52b6875,6,"1521, 2275, 2023, 2570, 2800, 2192"
'0xff05651cc2bfa35466ca2f4a5e8bd3a9401720c4,9,"3046, 3003, 2697, 2293, 3021, 2886, 1646, 3186, 1723"
'0x50e05fa93c604b02f7c4d4b0aa328287b1545650,2,"109, 114"
'0x6f81f01f186186ec53999bbb3f74e2eca9de13f2,1,2028
'0x87649049066b386cb955ea178ebb6ffa88b60c8a,4,"1358, 3152, 2998, 3124"
'0xff407dee8568e8717b98ae69cf0927a197268020,5,"1693, 3095, 1544, 259, 258"
'0x5d9fdfaacf5bc2e759fa210f6de3d7de5457b385,9,"3048, 225, 2914, 362, 1982, 1979, 810, 3207, 226"
'0x2ec78e9d49ee5962b5d30c526afdb33f69f4707d,1,2
'0x30c30c1fd76a23a44566d1e8fd2b40a6b01cd2bc,4,"2176, 2177, 2108, 2107"
'0x966d35960c00c20c1911bf2692c278267add139d,1,413
'0x573ba15a705d7e1510f1b8aa52167a86ad9bc444,1,1153
'0xf6541d65361bfae44117350b7d70fb0828aab7f2,1,2766
'0xea7c361c0e7c1893b9cc717f313942c87b5f388a,6,"428, 2540, 3256, 3257, 232, 231"
'0x4f941e5da657375e75d6d92852431cc7be3ef7a8,2,"1091, 1090"
'0x41320d3d256e4b9fc59aa6689a67c91c333851f7,4,"515, 514, 407, 406"
'0xd1d9fda4370fcb2992cbaada99854d96db8b55bb,2,"670, 671"
'0x4b31c76c07a7dab42c3405a9cb434080c8fa9ea4,1,1619
'0x5ed444a27404e44363cc15add357aa30e135a001,1,1181
'0xb79aee7eee79a14af91bff6e9ff38081881429fb,2,"908, 1542"
'0xfcd1d2894ca5a6afa07c9579f5fd7ac4ba7a5481,8,"3234, 767, 1140, 2968, 464, 2640, 1894, 2126"
'0xc99be1c7d78f0bd8bf024131a54efd252ebee832,2,"191, 921"
'0xb700edbe1b0bf8c99d78c566846f97874bbe8569,4,"2413, 320, 931, 2508"
'0x95b3f1401227191961b3e571f8c695701e51b1fd,4,"3162, 1312, 1311, 119"
'0x69b31f245cf42faf8a7a31db8e2285a6c6e31d66,1,2417
'0x1297f4495e9f74f53de712ee6038163b21bb84e4,4,"633, 617, 493, 492"
'0x6c8c8d15c0d6127066f1de18bdd38a87dc811d1d,1,93
'0x431c1aae63376137e37b5daf5e04a22d8064bf09,12,"352, 353, 1848, 2350, 2597, 2635, 2705, 2856, 2858, 3015, 3050, 3264"
'0xcee0c9022120a24c720516247c8118c7be175ae8,3,"2304, 1014, 770"
'0xaaf2ad7acf727be9ce07d9c2915be19ceda943b8,1,2940
'0x407ac77042c5ae0f42434bf1393beb2394f183a3,1,219
'0xf540dc3aa5345d0a6679d6b399a2a22cfc3093ff,4,"2932, 1784, 1705, 1704"
'0x21b22f55c186f8f6e4437374050bd955c3348b95,2,"1270, 1269"
'0x956f1ce3ff2ea59a8b41df83ce9f85ed59d73f92,4,"1381, 1382, 1380, 1379"
'0x74111a56c2fa6515ab7926dbdd8c7d318aa0312c,6,"3325, 2592, 2091, 2367, 2243, 3150"
'0x51409ae99b1a590db3da053acf822f45f4d7684f,1,2854
'0xc8c79111594783f16a6369f89a508488e4be0722,4,"778, 1819, 1059, 1058"
'0xaf15b5b04a582e69c8c4b7e468601163088225fe,1,499
'0x91794c88a887f6884dea79bea63b3223c2a10d62,1,207
'0x67ed3ff676e7dddcc811d4d9520d1c916bc7ba17,1,1453
'0xaeed2e9ac8ed74af9ec84580ba52cb98de2751aa,3,"1729, 3051, 3233"
'0x7ab395647b34c0935166f4a586afd48364a76098,5,"2546, 2377, 2725, 1386, 1385"
'0xa60f21b645f1e0946aba44e95c2605befee8051d,1,72
'0x8e7795f783635ea08097d2aaf19da672bf79dde0,20,"1384, 813, 929, 2926, 3155, 2026, 277, 447, 1715, 3172, 1833, 1834, 1810, 158, 1151, 518, 276, 600, 575, 1864"
'0x485b8ac36535fae56b2910780245dd69dda270bc,1,85
'0x7b061447660b06a7c047960d246c9a71eab8901d,1,94
'0xcc1bc0c9de782a957dd6d2f6aa5f30fc4b4bfdc6,5,"1664, 1665, 1718, 1719, 847"
'0xfeebdb093858dd745965feda6d12e50f8df3dde8,1,2802
'0x1d906ccf06c4e9a125c43717c13d229470d72ba3,5,"2082, 1010, 2841, 2795, 278"
'0x886bcb13e6a86132fabfd8149053a89f2a32e647,4,"844, 845, 867, 866"
'0x7e6f6c2af1be8d840f12a7d0710ec173a4706ebe,5,"1383, 3266, 174, 1252, 1251"
'0xf09e7eb89e73c8eea8ba12950ca0cdf0db2cc2ab,4,"3202, 1943, 1942, 363"
'0xf1e1c701b49b1dc2405a9e8ef40f9f88802b80fa,4,"615, 880, 1443, 357"
'0x7811c6a535ddff8f86bfdeade882e744bc9fe380,8,"640, 654, 556, 632, 621, 502, 557, 562"
'0x739a4932664b777f03ac90f15e6b4f20d42338e3,2,"524, 525"
'0x186bd02b208ce67bdb908d365e4506a253914bcf,1,1338
'0x5c9c541d8dc06ee7a77f691e99ddc7129dfedcac,1,1497
'0xf0df9da910f36986ab9141cd2b03233d068c1c04,1,602
'0xcea40544911969df74a73d53710ac421bc9f9074,1,990
'0x38cffab8dbbbf5a0f2eca2ec8924edf41535d340,1,2900
'0x0f11cb8e1fe941d1a675bf9f722d2f7dd3d429a0,1,661
'0x2d3cef38034277db68fd04e708ddb6856af4b5ea,3,"3076, 3183, 1911"
'0xd64482815c75bf1d017a5c1d0d2818dbb08d4c97,12,"532, 404, 2605, 3164, 2607, 2960, 3030, 1587, 1578, 973, 828, 713"
'0x14cce53c8338283674dd5908fefe0e6f6eb43709,4,"2794, 1204, 1622, 1621"
'0x49264e0f4b8adf5761c240657a4bfa15eeabe1a6,3,"3284, 1149, 1148"
'0x56fe37367a03a23f50d3bfdc9dfcfc0930710f9f,4,"975, 974, 2018, 2017"
'0x7da7cead3bdf8bb374c9c210b16c43dd9ad80c46,4,"2075, 1234, 1142, 1197"
'0x3358b8ef8f3918e281c3ce671613551a58c30440,1,1687
'0x05356a57a81700aff9df661a08755ece3ca1678d,4,"3288, 2847, 2516, 2515"
'0x2624ee32fcc1ea3f33243a4cb6182fbd02ea4b95,2,"2027, 2020"
'0xc33582462149f077d9734c5dd65d5eee5fa79588,4,"2675, 3221, 2282, 3315"
'0x088424bcb69ccfd8fc2dda8c043dc4fedb005928,3,"1559, 2113, 1957"
'0x5bf8930a345dea4a1bea0ce8b876f7d29cd24787,4,"1958, 1170, 1971, 1970"
'0x1a61738f164329c5bdf86b6d6d5838e1e0039357,1,3007
'0xa347bd0722da25d6673eef56a16d922022c8fd3a,1,811
'0x30d2a2cc33b8a465927b243ba66fab892a357225,1,2031
'0xfef3a95a1af6b05d5ddf807ae808f4300aef5100,2,"2369, 1412"
'0x10dc2287e36bcb16024ec2ee610ce06eb7fe7468,1,2384
'0xe8ccd1869a98e15e18a286159a7b91f85fcff5c5,3,"1335, 3133, 2661"
'0x5709be4fd813f9f4a7220c40fbaf6be4eccf729d,1,3057
'0xfe16312500e6a356d04d97c8214128695eaffaf2,2,"1679, 2563"
'0x58ece48f7dcaa36268849a5f5ed76e2cd56ad562,1,1874
'0x9d2c4efb912dd946b5cb76040e040102f6453ab0,4,"2787, 1904, 165, 164"
'0x87fd3136ce2cbbbe9515c4417ff39b6d12b99c0a,1,699
'0x25a74b99576f24e7e4090a85ddba1b6961830645,1,2792
'0x1ae5f1c9939a5fc8928fc544c4cbb667fb505daf,1,2402
'0x88492b1ac618137bd6a3c3fa0bf3f596f8739cd0,1,1290
'0x6d30ff83db59b9079ca04741223a4e7807ef7fdb,1,2936
'0xa5533520f6f6f47fb716f9f9de701f2cf3db8d17,4,"3092, 2503, 138, 137"
'0xa4ef618ae16e3bc4b9b17ed8f39a40faa69848eb,1,2797
'0x078c2e2d590d7f152e4a1d5bd0ce20f4f8cd429b,1,605
'0xf5efb67a179e0935e5bfd65c52cb098142ee6e8f,5,"2084, 1840, 1890, 1846, 1893"
'0x7d7a12d7fc0170a84b65db0018527d755fc87b11,3,"3240, 983, 1127"
'0x7376ec0af6936c7ebf886edcabd53392d0014f43,4,"2928, 2449, 624, 507"
'0x8c66f3cf99b841f7d900cefcdeb93974e13d8aa1,1,2532
'0x87ae3929744864734cd009ad3be47d97fccb54d5,1,2441
'0x5a57b33be9b5d2a97a2633148da3b265b94aa561,2,"2930, 3329"
'0xfe007f5ee982627ae111d3bb5c90a3c4a57d7b2e,1,2821
'0x5d0019902c11e03bf8abf42449490198b8f088b7,1,3075
'0xdaa62a29ff68fb923d7c828e88ad75a6f9ad1529,1,2238
'0x5f9ea823aea119b0240fffe4aef5b4aebb5c61d3,1,52
'0x61da1c9eff10334b371baa36791ef78ad8349e23,1,2131
'0xdd45f2722c8e812a07051a20b7e9c931ebe37863,1,2558
'0x56425866be85f91a809aed71e7a36c29fe5122b0,2,"3103, 3101"
'0xa4da6d687c46126ce07cb9748d725974c4c8b416,2,"2674, 745"
'0x84643c18c3a430cba8df378a83281dbda16a9733,3,"2673, 1052, 1106"
'0x5d986289fe2ce34b14f1c20366432b22ede2781e,1,3151
'0x28d9f9b85e2a8a0aa9ced41477e20bc58289a982,5,"1630, 2590, 603, 639, 188"
'0x06ec0960fe6d87f8985519fe3fcb2fdc69f9562b,2,"3063, 1224"
'0x77409a5117c0687a21729245f5e0b31b187be5cd,1,1959
'0x0ca5e28503be54e777fddae3ac5f3206bcd46ee9,5,"3062, 1924, 1777, 2906, 1184"
'0x6c31b772cc57cac99c85d2d0b0df8e54b07a7a55,3,"2887, 1831, 2566"
'0x2efa51e8e4c8c564cfa73e29171707c57244ce7a,1,3044
'0xa04a41ecccab2610e573268c40f09f0ff4b73d6a,2,"1340, 707"
'0xe3a9cb7d721f643675a1d50e373045a8bab3004f,2,"3056, 2357"
'0xa2efbea63b7ff2967f816b555bb4340d1762dfb5,1,150
'0x3ded2f525a5b0410bf94a1177b7c5db2100bc1c0,1,2631
'0x76bca1b82fff7a79ce796b4eb960f7081d4002cf,1,997
'0xfbe5c1ab13e206688775f117a9a90153d7fdcfd2,6,"417, 342, 1663, 1711, 1720, 1675"
'0x8a3b8dfe66bc420c1da15af38bf1ad3640594538,1,2485
'0xec75b17a17395cc864938e8f7ab2daf6e95e7e93,1,2909
'0xba96d535fceb53cf05412bd1b3f568a4cf99ff7b,3,"2088, 473, 940"
'0xcc46e6df176064ef9b9878bfbbd081b4201399ff,1,2915
'0x2b02d605ba4e59e667b3093206cd704271316eac,1,2346
'0x9291816b7c81337bbcd75a3df2a4bc4a2a58c3e4,1,1728
'0x41fd39b1d3857ea2520448d167c2d0dd28d28a75,4,"1421, 3247, 1671, 2338"
'0x1d8cbc96fa8de9b8df88dba5ada1e08e3ba84c69,2,"2273, 467"
'0xa710b98487e802bd7e80ae288dec178b55313333,1,1538
'0xd5b0e02e4cecb59ead4b7b29ee1148f7de774194,4,"2665, 1746, 1745, 715"
'0xfba4204435cee1f444a473f5ad4580fcf5c3b76f,1,1399
'0xf730b606d98bf6ebd349d34578347cfbbf0726f8,1,3211
'0x3a87af6346a092082648933948ad8cbfc1de699c,2,"3135, 2423"
'0x6c0ba7840a513fb72aac137990dfd17adb4e95a3,1,2378
'0x2f822aeb5f424c55af5283b43f7f0f2938c4c1d7,4,"2628, 3272, 2393, 3136"
'0x6a7969026baf58328faef10d6383c0bdf5481e30,1,2578
'0xa23dbcb07aa1d3df6539846ffc2f4521f67fab9d,1,3168
'0xae2ff1075b8db1231ec2a830464e25ea06bb7306,4,"2240, 2241, 1262, 1261"
'0xe7f070675ef785ae33f8ec4a5d8625f68d67dc83,3,"1826, 2225, 3166"
'0xdcf1f3b2283de0a4e3a77fb516571a76871185c7,2,"756, 3248"
'0x05e9fc778040fec478755e5df8706cce66392d77,1,3210
'0x5f2aa143b4cc3cb7c1caa41701d90b570d8a0d48,2,"1714, 1611"
'0xe67412e94dfbf041cf781a16df775a3fcd5739d2,1,17
'0x07de7b2d4f8665e31f541088aac0ce839d3bea32,1,1809
'0x8d5dcd7a5e3635115d4dc9c52aa91a4f83b4c827,1,2694
'0x4b1aa29036b88e1fc1a91e476276aa79fc2eb430,1,3144
'0x44a40187b36d2797cf4b5ee9fb98c581abfd65d7,1,2681
'0xbc91cd73384d81161376aa9f86999e8830eb22d1,1,6
'0xa5aaa5168dc0301ee13346b35c10be211cfe6fc8,3,"2601, 2426, 2425"
'0x755c753af5262fea3bec32d0dc89388630300719,4,"2686, 1157, 728, 727"
'0x26a92d07ac9215f50171c84e48383350595090a5,1,2885
'0x02a6909763ef8dcc90651c8bcfbba50a100ebb41,1,118
'0x4614f195fd9278260e6cf0bf01366beb2e05c745,1,3241
'0xd8b50acc2807b75ed02bb67f8b51b4ae2648e579,1,2619
'0x92c8f566f8e184b63c53a61736cd6ba5394fbd5b,3,"2627, 2883, 2626"
'0x81409e4c1a55c034ec86f64a75d18d911a8b0071,4,"2762, 1565, 1298, 2435"
'0xb5dc67765917b0b7c7a2a312dff8b645703eca47,2,"2621, 3167"
'0x0e05fc644943aae89dd3fec282c3f86431a7d090,1,3082
'0xd170c102dd8ff7b5fe04b541bed573ccb29b67f9,1,3153
'0x60ea237fa8e96a98b9f658d6df2c59fa6b8b3c06,1,2775
'0x5586d438be5920143c0f9b179835778fa81a544a,3,"1922, 169, 168"
'0xa0e841b79975cca6cfadb8797bfb0f6dc7327c6c,3,"948, 3330, 1989"
'0x861ba5436f8c7222729c76db9a0fd3267b549048,1,3327
'0x9dc17c8c44300f17774dd8ce3828768ac1418759,3,"3091, 1145, 1144"
'0xa8c789a501eab5903d8685830a0bba4f096025f4,2,"1545, 2976"
'0x9a5777f31e384704151fb1b567b03c8c23c011f0,1,3160
'0x04ec0d54e3135d6d7e15427c4ecbd6140dfae2a9,1,2587
'0xd88b150fbe5a25a3da30a10c9f556d02343586e2,1,3250
'0xd8cd45494f87ddc548d1945197c686e92519419b,1,3174
'0xad8f17fb4513912d2ec809e259b2047b1dfe3ce7,1,3255
'0x02427c99672094aee1b46d0de7f11b733cab1c7a,1,489
'0x5d9c40aa87b2f66d1a098cb7dacb46457df91908,1,3217
'0xd1b919a420db357fe4841f09e46879685da93d56,1,2781
'0x793e48857f3ccdfe5cf3c504b6dfc7e8dab5b0e1,17,"2730, 2729, 2709, 2731, 2836, 3109, 2894, 2895, 1903, 2614, 3010, 2726, 3201, 2949, 1528, 1543, 1085"
'0x331609f6086e0728cbe22b89e1ea283f7b3f5458,1,2733
'0x12d5a6aa561ce3ce57d854d0921f2f354df9dd6b,2,"2717, 3246"
'0xbe0b0908dd067e11978f76185d717bca25b9b698,2,"2710, 2732"
'0x8697ea6f936bd90d6f83032d075dcab1f7a13894,1,2734
'0x178a391b0fa92db91d93394ad68ef1001c7c7824,2,"3292, 2174"
'0x053b8ebe5c8aee5ca41fdb86de4849d5be6e3c77,2,"2684, 2074"
'0x697b917ee40e737cf01ed2576f1a47b9efb8936c,4,"1733, 2881, 1986, 1820"
'0xb9e557e2bdcdfbca2335b0ae73ae0a1f44f748b2,2,"2947, 2882"
'0xd54458c9f47a8f5f31bb84d479f7f54ba8a1da40,1,2812
'0xbb3038ca46e21de389bf28b09ea093697384958a,1,2632
'0x2e02f7b08d51c196f1161a137e09036611dd4c78,1,1523
'0xea9d0fa8d3c329404ae3c04ace46af83b313af29,1,3102
'0x2924196a2ec71ea4ae1b1357381eccdcee6c18f2,1,3001
'0xe510597d127f60f71961eea39b4725fe7d272575,1,3035
'0x18c96cef5f3d7ae66d31513b7291938f80cc9d2f,1,2585
'0x23038b2beccae773d9b830dde765ebdeb0249fba,2,"2975, 551"
'0xf701e821a218e511fc7a53ba5571380f31d281e3,4,"3303, 3032, 1346, 2439"
'0xcefbdcfb977b1f40f0ce434831705705a072e69a,2,"3034, 3309"
'0xb19fd0ab71d28eeef69a6641a85973e62a729060,3,"3033, 3061, 2044"
'0xbbc9dbf01c54099a805e223006071f14dec4e5f3,4,"2636, 3070, 1374, 569"
'0x01b30ca1bdde1f68abe69c46fe88f79b496ec63a,1,3242
'0x9cfb24dd0368da75fd35dcd3c2a2883cb30ad272,2,"3200, 2421"
'0x1f68277e9af2b2e0fbf2a2f9e11b28bef91e7e24,1,3224
'0x1986539eac4c8625c5bb9911f104f45413d743fd,1,3179
'0x556c15af0336a295317c16dabd0d167cafea65cd,1,3019
'0xfe18400a816001d7899ed646f6b91c77e7fea885,1,3306
'0x6831deb8a26b6cf2d2f0a051b4dadd0de41378f8,1,2669
'0x356a2a8c73381e6fd6e9d03dab78879fbae58b8c,6,"2943, 1782, 2321, 370, 190, 189"
'0xdb0d643cc33fc427928fb5078d877a237f4c16b0,1,2875
'0x8b4759fa191cb8c4e92357336e2b4bf61a15336f,1,3002
'0xa0f0af5334b103139800a4c034c01b895770a1e5,1,3099
'0x27d6dce85a5bed62f4d8ef48d79b8cc4d77e1599,5,"2772, 2771, 2770, 2769, 2649"
'0xa40612b38b8f39de24916d68fdc433ffe54f9f3b,1,2767
'0xa116a4661be4d5535a2031e629bdd48ef1307cfc,6,"2754, 2753, 2751, 2750, 2749, 2748"
'0x0df2dad9796f5f42ca74f0c83e1cf7d87995dc53,1,2737
'0x732e2790f1b6d2279a5cba7ed52718d396b6f498,2,"2659, 511"
'0xb51ad292ea79f06e5c8ce7a45f01d4589476e318,2,"2656, 2654"
'0xcd00f62b6a59ab5482e502e6b2882cab733975bf,1,2066
'0x163a5ac00f8891b3af965c6dcf0966df0f6f6729,1,2315
'0xd8c073acc310e010adcbe7488b9d201cef3e05ef,5,"2306, 1301, 2419, 1275, 460"
'0x27825b8d6466dbd01522f3b93049f0d469782b9a,1,1324
'0xa83062d127c358b97f1b022d370ece81323531c0,2,"1975, 1974"
'0x2a1df03fea8fc4ba630695f81e97c6ee97f8708e,1,99
'0x1b2ed7f2b1d36a19e25f6d62f6a2de0e75a2f1ca,2,"2573, 2572"
'0x163df398a4188feea7bc3a2d3cfdf015f0dbdad2,2,"2568, 2331"
'0xed91890dd9d0fcba319a72a90732d7602c716c7c,1,2561
'0x60d1b0654065b36567b04b8b54f984f131f9e1f2,1,1128
'0x203a476c48c9b1db4715acf671eb964dc8a518de,2,"2556, 1639"
'0x4cc84a4112922a69d15b27c07c000ceed99ef89f,2,"2555, 2554"
'0xfa91124041dfc51c23cf09f50d1ed622584b1d9b,2,"2550, 2549"
'0x5378bd28a1a2f02889e54e2a7461c25e8d8a943c,1,1304
'0xf4ba68556319cccfe2ce2c10e7c5b8b5066cfdbc,1,2529
'0xf807d84d1231170f288ec1fe5eda29c029b66ccb,1,2308
'0x1f63a70c5dd64668fca4fac4704231d1f0ba21fd,1,955
'0x51f55103eca19bea6539e1f3f0e32d2d5b4688df,1,1925
'0x35528dfff96f1f508c0927f8734cf96bf4f9823d,1,163
'0x6a893c3d9f7975ccb04098d880dd7a525402adbd,2,"2518, 2517"
'0xc75e9f9b28a71960ecd1c6ccb1a3323d49abc26b,5,"1444, 2255, 1064, 779, 1190"
'0xa291d6cf0fba312bff8d25eea1d5ac820e6f71be,1,2512
'0x70e1d281c13d677adc92ad16d7024f8c052a108e,2,"2100, 2099"
'0xce3b87c071416ca8c34a96b5700f5f371d86a594,1,2504
'0xdfe9c04c39a0b21929e71b43757be91ac36b0243,1,2498
'0xe1bfd7254d28ab3c5bccabe4ea8ec8eb677b9cd7,1,426
'0x4bdeb26abdb48a8cdb7efb0a26827afb43de69e7,1,885
'0x6a3abf9596f2c86ff0618fd790ca6f8be054ae37,1,2490
'0x6f3c5d2abdfb709705ccf0308aec9c5110df534f,1,1236
'0x0a67b57e01c27811fdbe915f6dafe46245ca68aa,2,"2483, 2482"
'0x34518ce8fc2880e706baa603a298070f8f77ecf0,1,2476
'0xbeb2daae5c49326515f9206f112ae93f3ce3db1f,1,2473
'0xa07880285c28b2bf89dceb7d29bf0ca52a5583c3,1,2418
'0x4c00ed47abc0d07d46ca9341fc7c26bf678ae463,1,2459
'0xfa811ee06fd0a400d6ead97c743d4005bb4ce5d7,1,2456
'0xbc2add70c55e6bdd643fb53bfa95189734c29e97,2,"2451, 2450"
'0x2dffaa386257069777ea47bf8ac5a854ad7c8aca,2,"2447, 2446"
'0x2d488160ca723a737b57c9228221c1dc50a11f39,2,"2445, 2444"
'0x41d2347cb216af680413c1486ca923b824a806b2,1,2422
'0x2ca089cad105eabc7295793aa8a24a9c227e6e47,2,"2429, 1749"
'0x8592fec3586916dc01619905e3078b8cd332a9ce,1,2428
'0xca11d10ceb098f597a0cab28117fc3465991a63c,1,1143
'0x77f0e46de8ceaf044e75bf0bb3e572de2d70a67b,1,2352
'0x2ddc842ce54866d6ff58f5f82c6fb838e6a74cd3,2,"1821, 649"
'0xc8cbd33b38ac43493ee0de2924ef75be2141250d,3,"1919, 655, 2370"
'0x98f2ce1dbf528fa51126a41863e91e8a9a259c46,1,963
'0x175f44afe2b8f4ba8dd04dea0f3453be73075f7e,1,1534
'0xf9be7be048ddbc31896fab933d04a905e6573b7e,2,"796, 1990"
'0xdc2e59948ca907145114c40ed5a77bf38d39d806,1,2381
'0x39c21e3311100816e490c358eb43dafcaa445850,1,873
'0xc6838cb8eabdeccdff33d466da45a322f4a7bdf3,2,"2375, 2374"
'0xf3fa4ddda0d734638241c253fb9485c2caca0efa,1,2355
'0x3690672ec10b08a0d8f5a505309d4bb44ade1157,1,2344
'0x70b7b7e027ef6f528930a11a6bbb3c9b007443db,2,"2343, 2342"
'0x64acfb62dceba78d2b9ef07f1bcdfb0fe82e4e12,1,2332
'0x5abbdfbdce4f46e56959d377cba28ec65197e67f,2,"2335, 2334"
'0x91c455ae2b6b22f1056de1843f1e29428375b9a2,2,"2324, 2323"
'0x75b772f2bb4f47fbb31b14d6e034b81cb0a03730,1,2305
'0xb7bb1c09b6fb19e94ac700867ff35fbed354c1bd,3,"1792, 2294, 2039"
'0xd8a5ec05d7266120f4a7bc12d15138cab94ab35b,1,1006
'0x62fe34221738d55ad237d7256abdfbe2b175ad3f,1,474
'0xbd3c75f51ebb230bbe048c2e7ccf502a6ee87cbc,1,2263
'0xef984be913c22645bdd7dc1388b3d2b9c5744092,1,1869
'0xd0a8849cedb361644051547e96d09eb2a450c445,1,2290
'0xedf7ceca52bc2f7f776ba81092b8bc53215f6c0b,1,622
'0xc8fba7e919bf3b5758c5f7481b7d1d48c99881e6,1,1858
'0xd2d520c99319dfa386e08cc28b052c006c707af1,1,2279
'0x4ee42c87d805fb112be636d0f14b6bec81db96f2,2,"2268, 2267"
'0xcc81f3fbaf04a41c226a12b25877f58703b8c364,2,"2262, 2261"
'0xa80840489bf5e537d9d39778b07c3036cd5fb2bb,2,"2235, 2234"
'0xf138984bd659edd8de38fb2febedae8bed5e0255,2,"2231, 2230"
'0x8029415f530d9710526ef44c461f2759c70990f5,1,2194
'0x2bd3ae0e66ad1a57681b57433df33c3d7cce1437,2,"2183, 2182"
'0xce0e04157c4c0773e6d7eef4708d729b3884f007,2,"2179, 2178"
'0xb02a3731561016ff80b42a1b8d4c6c2da0d1702a,1,2164
'0x8cf3412f3f4b5452d1eb9dcb92b5ecbb60d9b0e7,1,972
'0x5448143adbf49a46d0f3af342e678facf1cde7f7,1,2132
'0x15864f6f1e801261bba634f923b833d8894d81de,2,"2128, 2127"
'0x41da82a03e3b0818ac58f6a38eb2e0b39cc6c1f9,2,"2118, 2117"
'0xc7e8955181b11b174b3d343460c3d04d5b00ff78,2,"2106, 2105"
'0xaa8a771cc7ff3d549a6e2019a2124cc9f146490b,3,"2094, 1505, 1504"
'0xa0ba9d15defb5e4667fd14d2a65be5b4b191948e,2,"2098, 2097"
'0x8c98134d3fb22bfb400d1f49cb9e740a8873aeff,1,2093
'0x83536702948ab25fa43540cd5744fff8ffe9112d,1,2086
'0xe6d01e9fefeca7c03ede04daf119347bd1213e5e,2,"2055, 2054"
'0x5b85dd3840f83db9a2f8b0f4107aa9094127132b,2,"2047, 2046"
'0xd54f48d38925eddcc567d2682a18c10117ef1689,1,1938
'0x3cfc7d3820be04def9b62632595732d517000198,1,2032
'0x4756f471c856d0b72c291c9eb46b4a0a33031b00,2,"2015, 2014"
'0x17d7f113b9cc2123810e644204fc4a17d14cb170,2,"2007, 2006"
'0x68099244cb3c807b735a311a83d9dab81ee7f735,1,2004
'0x1e36a3a437d6dcaf052a52848eec5e012934695b,1,1967
'0x014f65b7b97d2014c8a4f1dcb693d4a4fedf87cd,1,2001
'0x3e293b81bf5dcb25fef293317fb156c4f156950d,2,"1973, 1972"
'0xddba9d24e8078a554362f02c37c0b94829161ba4,2,"1956, 1955"
'0x57e625c06900812ce1dd8fa56fb6dc111ef053d8,2,"1954, 1953"
'0x36ceb64ed443015ae247d4131a408d7e8a3d1905,1,1950
'0x4893da1c09228ab22d56c622b888eb9b5fa589d3,1,1881
'0x2d795d42a5af638f7172925d7190fa3019e4b807,2,"1926, 563"
'0xa6b14d09b9cc28ea2c75e7494aeb179763ab2a45,1,1921
'0x2d3542bfb49123aa754e5095e241b01c56bf8073,2,"1914, 1913"
'0xaa3783556571a4eec25f70da71420078278886c0,1,1879
'0xae4d2c0f754d81f89bb477b34ed197bc2908ea3e,1,1901
'0x15651e5f1f7e4757e833c64cb3b95cc63fb27201,1,1895
'0x7381a28771bfe1914f8fb7451540dd4958b13cbf,1,408
'0xc32423176121aa3fac7c1ecb4787b44806dfd288,2,"1752, 533"
'0x84b4a33c91d74901146c8afcd981e3c2169ed891,2,"1876, 1302"
'0x83cd2b925293e1f096c58b68fb3259a64e156d8a,1,1862
'0x8fd4f55a3a3f8f3cf461bd4a6a3ffee937fbf75c,1,1857
'0xad494e7725b5aa7bcf7b5456942bb76e3a76d26a,2,"1836, 1835"
'0x40b35cf63c0d2ca561affb06e91d0db818dde14a,1,1750
'0xa3463f4862535a91e758f8cdae61054ef754f970,2,"1832, 218"
'0xfaa2012430e335682dba53160036effc86b01114,2,"1817, 1816"
'0x66edbb15621f1ba62828d07885e12263ca184b7a,2,"1804, 1803"
'0x2d5bcc7ef46059297593e3bc83c7623afd9f7e7f,1,1778
'0xc64bb8dcc95db9e1f9d0eede2a0209b8d2c09fd5,1,1771
'0xa0259b1be6f2d795090d26a0860be4d2098c17eb,1,1768
'0xa7c99c2533872b520c4f4f6e51e1e4a7e5aee958,1,1030
'0x4725b6cbc8ed28ffae1801a24240b86870ca8bec,2,"1759, 1758"
'0xc00b8adf3953bb443acbf6ed7ccec9078d895074,1,439
'0x22ded37fe05a998a49d0cd6562a35b3ee74b9920,2,"1598, 1549"
'0xce451db9f93e46f022896577f24a84ec32e532eb,1,1741
'0xae26179d0724906dec6a1dd7b280fd6b5f1c9d93,4,"1721, 1079, 663, 662"
'0xf4a46b4d416c01a6a6ed13405e861a63c38d96fb,2,"1727, 1726"
'0xa168b8d6e7c10800373055dab3241c6dd6945b68,1,1722
'0x3d2ce4bce0b68404a7c3b60664e8d42711417f60,1,371
'0x97b6458b7b2db22ed2a8f38561fa15d22eefc52d,2,"1701, 1700"
'0x33569c101562e1faf5b24581057e5cee4c8288d7,2,"1691, 680"
'0x12b3b7c4a253330345c86578427b50c0afad898f,1,1676
'0x6b231b86870b9dbf5a1e7aca215367fc8c80dff7,2,"1682, 1681"
'0x736eb808361f99e5e0fc0e292b06f37b594ea690,2,"1669, 1668"
'0xb6a3031a0856b737faa74397ecf73276b762a05e,1,1661
'0x9305a3a61dc1169845a543d4b4bcf09c0729bc83,1,1653
'0x6a599aef3a4927d886a369d9c1b6566942e1a3af,1,1640
'0xe3e055dd98e0dce681addb9b8e36d1296f224430,1,1632
'0xe46e3412e699372f8e14dcf845b0fab7e0b74a5c,1,1615
'0xe3937d9b4e276d434a9a35a8ca2ca666a16bb1b7,2,"1614, 1613"
'0xc43aff6f6ca37f180f963f0b005de25eaa94b1cc,2,"1577, 1576"
'0xd6095fa5f082b60e6e56608191b13861aefaffa4,3,"1561, 1575, 1574"
'0x2045053edf1a5051d7a9991b0b147f0ab911decf,1,1555
'0x484bc9b3103b3b184a05d3b5014c76e59f92ac5d,1,1547
'0x6d141872f1b60395815729f7f175af5a9c78e9af,1,1546
'0x034ee6348add72b91498acccaba32d92760df3af,2,"1154, 731"
'0x10d253c287bf7e7ec7f0286b06585ae95e34a85f,1,1501
'0xb67309d4ce9917937022d01c3130385157ed5cdc,2,"1499, 1498"
'0x3ba3ff3630adf6c0ef849b97987dbda7ff35e9d7,2,"1488, 1487"
'0xb1665d27e35c8f35954ee25a0b3e2e951e1470d7,1,1300
'0x74102bc480a41681e66add3ec9378ae6f3a79652,1,1325
'0x7b541b49120349c6e6fbcea0e7194f6178962782,2,"1468, 1467"
'0xc80c7aceded9a7caee6c32a7e735863efd226dc4,2,"1448, 1447"
'0x07d1530b3560afaba17496c011976db37b3fc2fd,2,"1440, 1439"
'0xaec405274c1adb1bdde9d50e015320dd7a12eb09,2,"1438, 1437"
'0xfdc2b224cc1fd65d6cdccdd896510a7d89af81c3,1,1401
'0xca0f9b895c23e5b2442f5f82eaab8c701a765420,1,1396
'0xe9e4d49d6ac474b3487f007c68c8303ab9bd1a5c,2,"1372, 1371"
'0xe314843b27e61e03cdf1213970c8e7a48a1333c6,1,1364
'0xfeff684674f2a0549723c75814b1487ebc92ede5,2,"1345, 1344"
'0x5c26f97daa3952125c89dfcea4cc657f3eb37894,1,1343
'0x13a1e36a01238b85e6dd1344390cac2af4831218,2,"1102, 1233"
'0xd04c700da79f94550ed5bc64a7c571bc96f033d2,1,1316
'0x6583bedf294e8d603b089f0df31680112cf1c1fc,1,1296
'0x8a875547047976ba24e7f35a495e2077a9d34962,2,"1287, 1286"
'0xc1a62942a54e373bcdf154c1a9e7a874e15c1576,2,"1272, 1271"
'0xa013e683e5db8e9609451a683326bb20ee21e4be,2,"1264, 1263"
'0x1697e1072d8d4d299468bf1d96c0375391fae8ff,2,"1258, 1257"
'0xaf7ddd6bf6bce207ef2d544ff6142bcd800bfb20,1,1250
'0xbad73848c943d908c8ed748c54ab6cd5c90d4f79,2,"1242, 1241"
'0x12b8148a920f658d8e77e259eefbc624260b5afc,2,"1221, 1220"
'0x0fdefb797049836a7cae28c7a349804e8f064520,2,"1217, 1216"
'0x0b84f63c5f4728dccc29aa2edb13f9de647f8587,1,1214
'0xfea4661d76a9e559260cbf8c067e1f27b3e7d141,2,"1203, 1202"
'0xe781605cdbe090e06d8c3b515a4311fc9b392fcb,2,"1195, 1194"
'0x337ab2c4e48b8b65da792c22665282184f9e5aa8,2,"1189, 1188"
'0xe7db861ee88c1b5dfc61a643dd7aad7639bae399,2,"1187, 1186"
'0xdda24a4e92c0b64dd48c45d81db44924f9c52bc3,2,"1161, 1160"
'0x161f63b270366e2088053acbde67b5e84b1b6b34,2,"1133, 1132"
'0x8c6d049e99b2a9aeb785e28732913e595d756caa,2,"1112, 1111"
'0x68e42a4e49d61016214ffbb6026e8c74a5b6702f,2,"1110, 1109"
'0x05b2481d99475f9b168ae2db2faa86d0f0738f88,1,1107
'0x19d84d2a266c88af9c42cc2c6c8f27fd2cf1ed73,2,"1083, 1082"
'0xce42e36fbd9f1c4badce093429a03fd396b5aaaa,3,"1081, 1080, 128"
'0x09801c5283e4d7ae61d581f4aa901667e944159f,2,"1073, 1072"
'0x2ab6fa5339449dd86a774530329f988b45dd8252,2,"588, 490"
'0xb299effb60e1b7c8aaa2c618ac583a80558a32f6,1,734
'0xdb014c42268e90ca373c0aacfc8ae7226984189e,2,"1043, 1042"
'0xf646def09da9c4fa71b250ce769428add099e89e,2,"1027, 1026"
'0x6d53aa38af6d2d746a31d0c15e509fc36bc87b6c,1,1024
'0xc4a452dfe99de08030b905d3c38775e573ae01eb,3,"892, 893, 801"
'0x6694a8eb82498bf53e08f95a78e9433bfd6602d1,2,"1019, 1018"
'0x3bb87320cd5cbf8a37330b9f4014db06936c6e2a,1,1011
'0x0ec09c2106f6871b8430630ed55a4289a1300095,2,"987, 986"
'0xa4e249e36c2217fd60161fef9b6a5ed0fe2163a8,1,985
'0x6311b28c7002bf6b1febfceb444699a7ace752c7,2,"947, 946"
'0x850a5c287380ed075f74c269b85b7d1ab88370d3,1,937
'0x493b1af89a2aeb19d1f40a79ba50721bc1360aec,1,909
'0xcffd5178c7feb482e7a128fef2f7b5aa0bc7aa6c,2,"904, 903"
'0x13c4a327de6f7e5aa01bf49141cc982ab1f87316,2,"900, 899"
'0x9c56e8ab2e71d6cfa20bb55be6212d13a7386a50,2,"897, 896"
'0xfd73a104c0866c4d0a6473575632e5a5a5aa4584,2,"895, 894"
'0x9fbf611328d1361a8d9dd66107af374a178b6fd3,1,888
'0x1374a80eb56c140e688796cc38f7c5cf60da365e,2,"887, 886"
'0x8c5d056d09fbdeae6ba72cfc9104165526901f77,1,860
'0xc45056bece6a9f0f03f29fab5636832a5a4cff05,2,"851, 850"
'0x8918dcad835a67e464652fe6f5d39556018b5191,2,"849, 848"
'0xb1cca38dbf0fd29e9fe5d8379f845a268ce41800,2,"794, 782"
'0x9760f458db0a9ffabc0012141e1195ddf01570a0,1,815
'0xe1e171c58a4d0b8e194840feed3caf15e32b1154,2,"781, 791"
'0x0531889f9261790e7513f9bd48f7bad7c3a2f835,2,"754, 753"
'0x31e282eff0baef0d953803af57428053bd8d00ca,1,684
'0x20b92b34214a643aa620e80fdfaae25138612af8,2,"683, 682"
'0x494af69166cd4c72ead735397e1c66a9e33e3f1d,2,"653, 652"
'0xe140cdba4ca4adfc688b4721c5566f4259efc91d,1,614
'0x0fdd61b4facfbc6b2a1e315b08adc655f05e5822,2,"609, 608"
'0x3e0943a372f6849cd54cd5bf0c1fe899fd0abe43,1,593
'0x9cc74f47f94c6186233dd524a2b93310f21d02f8,1,550
'0x70ca516bc3ce0586c8bbe459744eb0167a80c5d8,2,"528, 527"
'0xe681e5232da0c9ba5d28e6775bb3b6945eaf50f4,4,"496, 459, 450, 449"
'0x2c4fc6770337aebc436f8a50d14924d4fcdaa51b,1,484
'0x6587c3b51b2960655a7f80cef2e6da944d616f0c,2,"453, 455"
'0xd5cdce3fb79e3c1ffa54bff2244c46893e5ac120,1,480
'0x5dee831c6c7bf2b5cab0315f1bcbd75c416bf263,1,479
'0xb24665ef671f720065fd371fdb117c7e5454fc04,2,"463, 462"
'0x76737adaf68b7fee29c4c260d1a51b1f2f54e291,2,"436, 435"
'0x4398e753768e4cff0aeb17ea59ebbafad27ca2d1,2,"434, 433"
'0x97c73514202e2a741724c0006fb27e9bd366a469,1,421
'0xa9a4afcd4a9842feae15fe95a076b9694dda8414,2,"420, 419"
'0x9c51532ef51ab720514b5acaf97fe6c600fbfb54,1,412
'0x8a1abb216ec3a8ab371c3b664c1f4d382ef1f88e,2,"400, 399"
'0x306782345ff026a75f3003c957030e57071e9f38,1,388
'0x397ec12b9722902ad5853be7ef8760b02add98c5,1,378
'0xbf446e5a65266c4208eeb0091124dd0aaf129ef4,2,"375, 374"
'0xbd1f91a29070b8e7028628989254760ea33654b1,1,341
'0xb622991b7f314bf1ef118953ade81ac08d860238,1,336
'0x0ad4d2e1769330ded7f50e4a4a80889b2973686e,2,"325, 324"
'0x7d7f209f9b5cfbb1a2187f39eea5fa3287d3112b,1,307
'0x8b0d6b12b8007ee68bac5eb434ee7db72a162a51,1,304
'0xcc112f4e0e79b2623f207f8ee927103b78de102c,2,"285, 284"
'0x7dfe8a39d0a397fdfa28af3088c9d31418c88547,1,281
'0x8d447ec8586c092931a66ef876d9fc5ee220bb50,2,"272, 271"
'0x0b1f712655d6e7ce6aeca291824f44c26bff96d3,1,267
'0x12459284253a0fb550a3d8de3debae90dd72aacc,1,265
'0x155c24a77182d4bba5b84312a7da3bba450f0b81,1,257
'0xc457175d731b1d1b2813a4fe3532468ece2ace2a,2,"252, 251"
'0xeb3b4d6a77ba3a0f613d89210266cb605059d642,1,241
'0x559c126bf38d3589cf64f2f7cfb64c049654382b,1,227
'0x686e8ce5622f0f2954d1d9f3e01fee9f231fe225,1,217
'0x796b7530a039c79217e03120a7720b4cb66984d9,2,"213, 212"
'0x1b025a01b9828e4ee6a8bbfa354ff5b6093ee331,2,"205, 204"
'0xc5f2cf3af81b9ae9f1b3f52048b3b7aaa34388f8,2,"183, 182"
'0x17cce908ecd6a254ea3600356922919d3722eaa7,2,"173, 172"
'0x2f780893af672a49f3fe5ab4df1d5733a674aee1,2,"171, 170"
'0x91753df0edb7c4b2d57bbbfd3388715c72027056,1,153
'0x64edc71b5a87134f3391906ce7e6624e32883c10,1,149
'0x226beb93dd54791b1ea1e0f6ec292a6d2b7e3f49,1,148
'0x49e6ae28043f338e4e8d8455f52def7ce7c489e0,1,144
'0x799102d199f78b40d5ed68520e69e3312288d1fb,1,136
'0x5fa988805e792b6ca0466b2dbb52693b2deff33f,1,132
'0x45f14c6f6649d1d4cb3dd501811ab7263285eaa3,1,131
'0x76fa45882bef13dc3371a2fea01f722cfd9d0ce7,1,129
'0xe9f52bd98af0961c978fa4c281c68b64c021cba5,1,125
'0xd5144af3d05c57ba545e1b51a1769f4b4149d4dd,12,"117, 116, 113, 112, 110, 108, 105, 104, 103, 102, 101, 100"
'0xa431fb4dbf5cdb84096ed40abeb0579ae49f100a,10,"98, 92, 90, 88, 86, 84, 83, 80, 77, 75"
'0x444dd5f2c4813031c0047128283b0895d5db0d06,25,"49, 48, 47, 46, 45, 44, 43, 42, 41, 40, 39, 38, 37, 36, 35, 34, 33, 32, 31, 30, 29, 28, 27, 26, 25"